[2026-03-25 16:58:40] [INFO] ========== Starting Posts Collection Workflow ==========
[2026-03-25 16:58:40] [INFO] Configuration:
[2026-03-25 16:58:40] [INFO]   GroupUrl: https://www.facebook.com/groups/792610141458395/
[2026-03-25 16:58:40] [INFO]   TargetCount: 10
[2026-03-25 16:58:40] [INFO]   BrowserProfile: openclaw
[2026-03-25 16:58:40] [INFO]   MaxIterations: 20
[2026-03-25 16:58:40] [INFO]   DryRun: True
[2026-03-25 16:58:40] [INFO] Target URL: https://www.facebook.com/groups/792610141458395/
[2026-03-25 16:58:40] [INFO] 
[2026-03-25 16:58:40] [INFO] ========== ITERATION 1 ==========
[2026-03-25 16:58:40] [INFO] [Phase 1/5] Expanding visible posts...
[2026-03-25 16:58:58] [ERROR] FAILED at expand_visible_posts.js (exit code: 1)
[2026-03-25 16:58:58] [WARN] Warning: expand_visible_posts failed, continuing...
[2026-03-25 16:58:59] [INFO] [Phase 2/5] Extracting posts from DOM...
[2026-03-25 16:59:06] [ERROR] FAILED at extract_visible_posts.js (exit code: 1)
[2026-03-25 16:59:06] [WARN] Warning: extract_visible_posts failed, continuing...
[2026-03-25 16:59:07] [INFO] [Phase 3/5] Looking up action references...
[2026-03-25 16:59:14] [ERROR] FAILED at lookup_post_action_refs.js (exit code: 1)
[2026-03-25 16:59:14] [WARN] Warning: lookup_post_action_refs failed, continuing...
[2026-03-25 16:59:15] [INFO] [Phase 4/5] Parsing snapshots...
[2026-03-25 16:59:16] [INFO] Wrote 6 posts -> data\visible_posts.json
[2026-03-25 16:59:16] [INFO] [Phase 5/5] Merging posts with action refs...
[2026-03-25 16:59:16] [INFO] Starting merge at 2026-03-25T16:59:16.210546
[2026-03-25 16:59:16] [INFO] Loaded: 0 DOM posts, 6 snapshot posts
[2026-03-25 16:59:16] [INFO] {
[2026-03-25 16:59:16] [INFO]   "all_fields_present": 6,
[2026-03-25 16:59:16] [INFO]   "missing_author": 0,
[2026-03-25 16:59:16] [INFO]   "missing_time": 0,
[2026-03-25 16:59:16] [INFO]   "missing_text": 0,
[2026-03-25 16:59:16] [INFO]   "missing_refs": 0,
[2026-03-25 16:59:16] [INFO]   "low_confidence": 0
[2026-03-25 16:59:16] [INFO] }
[2026-03-25 16:59:16] [INFO] Saved to: data\processed\merged_posts.json
[2026-03-25 16:59:16] [INFO] Posts collected in this iteration: 6
[2026-03-25 16:59:16] [INFO] Total posts so far: 6 / 10
[2026-03-25 16:59:16] [INFO] Backed up posts to: data/visible_posts_iter_1.json
[2026-03-25 16:59:16] [INFO] Need more posts. Scrolling down...
[2026-03-25 16:59:25] [WARN] Scroll may have failed, continuing...
[2026-03-25 16:59:27] [INFO] 
[2026-03-25 16:59:27] [INFO] ========== ITERATION 2 ==========
[2026-03-25 16:59:27] [INFO] [Phase 1/5] Expanding visible posts...
[2026-03-25 16:59:40] [ERROR] FAILED at expand_visible_posts.js (exit code: 1)
[2026-03-25 16:59:40] [WARN] Warning: expand_visible_posts failed, continuing...
[2026-03-25 16:59:41] [INFO] [Phase 2/5] Extracting posts from DOM...
[2026-03-25 16:59:47] [ERROR] FAILED at extract_visible_posts.js (exit code: 1)
[2026-03-25 16:59:47] [WARN] Warning: extract_visible_posts failed, continuing...
[2026-03-25 16:59:48] [INFO] [Phase 3/5] Looking up action references...
[2026-03-25 16:59:55] [ERROR] FAILED at lookup_post_action_refs.js (exit code: 1)
[2026-03-25 16:59:55] [WARN] Warning: lookup_post_action_refs failed, continuing...
[2026-03-25 16:59:56] [INFO] [Phase 4/5] Parsing snapshots...
[2026-03-25 16:59:56] [INFO] Wrote 6 posts -> data\visible_posts.json
[2026-03-25 16:59:56] [INFO] [Phase 5/5] Merging posts with action refs...
[2026-03-25 16:59:56] [INFO] Starting merge at 2026-03-25T16:59:56.739239
[2026-03-25 16:59:56] [INFO] Loaded: 0 DOM posts, 6 snapshot posts
[2026-03-25 16:59:56] [INFO] {
[2026-03-25 16:59:56] [INFO]   "all_fields_present": 6,
[2026-03-25 16:59:56] [INFO]   "missing_author": 0,
[2026-03-25 16:59:56] [INFO]   "missing_time": 0,
[2026-03-25 16:59:56] [INFO]   "missing_text": 0,
[2026-03-25 16:59:56] [INFO]   "missing_refs": 0,
[2026-03-25 16:59:56] [INFO]   "low_confidence": 0
[2026-03-25 16:59:56] [INFO] }
[2026-03-25 16:59:56] [INFO] Saved to: data\processed\merged_posts.json
[2026-03-25 16:59:56] [INFO] Posts collected in this iteration: 6
[2026-03-25 16:59:56] [INFO] Total posts so far: 6 / 10
[2026-03-25 16:59:56] [INFO] Backed up posts to: data/visible_posts_iter_2.json
[2026-03-25 16:59:56] [INFO] Need more posts. Scrolling down...
[2026-03-25 17:00:03] [WARN] Scroll may have failed, continuing...
[2026-03-25 17:00:05] [INFO] 
[2026-03-25 17:00:05] [INFO] ========== ITERATION 3 ==========
[2026-03-25 17:00:05] [INFO] [Phase 1/5] Expanding visible posts...
[2026-03-25 17:00:11] [ERROR] FAILED at expand_visible_posts.js (exit code: 1)
[2026-03-25 17:00:11] [WARN] Warning: expand_visible_posts failed, continuing...
[2026-03-25 17:00:12] [INFO] [Phase 2/5] Extracting posts from DOM...
[2026-03-25 17:00:18] [ERROR] FAILED at extract_visible_posts.js (exit code: 1)
[2026-03-25 17:00:18] [WARN] Warning: extract_visible_posts failed, continuing...
[2026-03-25 17:00:19] [INFO] [Phase 3/5] Looking up action references...
[2026-03-25 17:00:25] [ERROR] FAILED at lookup_post_action_refs.js (exit code: 1)
[2026-03-25 17:00:25] [WARN] Warning: lookup_post_action_refs failed, continuing...
[2026-03-25 17:00:26] [INFO] [Phase 4/5] Parsing snapshots...
[2026-03-25 17:00:26] [INFO] Wrote 6 posts -> data\visible_posts.json
[2026-03-25 17:00:26] [INFO] [Phase 5/5] Merging posts with action refs...
[2026-03-25 17:00:26] [INFO] Starting merge at 2026-03-25T17:00:26.889603
[2026-03-25 17:00:26] [INFO] Loaded: 0 DOM posts, 6 snapshot posts
[2026-03-25 17:00:26] [INFO] {
[2026-03-25 17:00:26] [INFO]   "all_fields_present": 6,
[2026-03-25 17:00:26] [INFO]   "missing_author": 0,
[2026-03-25 17:00:26] [INFO]   "missing_time": 0,
[2026-03-25 17:00:26] [INFO]   "missing_text": 0,
[2026-03-25 17:00:26] [INFO]   "missing_refs": 0,
[2026-03-25 17:00:26] [INFO]   "low_confidence": 0
[2026-03-25 17:00:26] [INFO] }
[2026-03-25 17:00:26] [INFO] Saved to: data\processed\merged_posts.json
[2026-03-25 17:00:26] [INFO] Posts collected in this iteration: 6
[2026-03-25 17:00:26] [INFO] Total posts so far: 6 / 10
[2026-03-25 17:00:26] [INFO] Backed up posts to: data/visible_posts_iter_3.json
[2026-03-25 17:00:26] [INFO] Need more posts. Scrolling down...
[2026-03-25 17:00:35] [WARN] Scroll may have failed, continuing...
[2026-03-25 17:00:37] [INFO] 
[2026-03-25 17:00:37] [INFO] ========== ITERATION 4 ==========
[2026-03-25 17:00:37] [INFO] [Phase 1/5] Expanding visible posts...
[2026-03-25 17:00:43] [ERROR] FAILED at expand_visible_posts.js (exit code: 1)
[2026-03-25 17:00:43] [WARN] Warning: expand_visible_posts failed, continuing...
[2026-03-25 17:00:44] [INFO] [Phase 2/5] Extracting posts from DOM...
[2026-03-25 17:00:51] [ERROR] FAILED at extract_visible_posts.js (exit code: 1)
[2026-03-25 17:00:51] [WARN] Warning: extract_visible_posts failed, continuing...
[2026-03-25 17:00:52] [INFO] [Phase 3/5] Looking up action references...
[2026-03-25 17:00:58] [ERROR] FAILED at lookup_post_action_refs.js (exit code: 1)
[2026-03-25 17:00:58] [WARN] Warning: lookup_post_action_refs failed, continuing...
[2026-03-25 17:00:59] [INFO] [Phase 4/5] Parsing snapshots...
[2026-03-25 17:00:59] [INFO] Wrote 6 posts -> data\visible_posts.json
[2026-03-25 17:00:59] [INFO] [Phase 5/5] Merging posts with action refs...
[2026-03-25 17:01:00] [INFO] Starting merge at 2026-03-25T17:01:00.123528
[2026-03-25 17:01:00] [INFO] Loaded: 0 DOM posts, 6 snapshot posts
[2026-03-25 17:01:00] [INFO] {
[2026-03-25 17:01:00] [INFO]   "all_fields_present": 6,
[2026-03-25 17:01:00] [INFO]   "missing_author": 0,
[2026-03-25 17:01:00] [INFO]   "missing_time": 0,
[2026-03-25 17:01:00] [INFO]   "missing_text": 0,
[2026-03-25 17:01:00] [INFO]   "missing_refs": 0,
[2026-03-25 17:01:00] [INFO]   "low_confidence": 0
[2026-03-25 17:01:00] [INFO] }
[2026-03-25 17:01:00] [INFO] Saved to: data\processed\merged_posts.json
[2026-03-25 17:01:00] [INFO] Posts collected in this iteration: 6
[2026-03-25 17:01:00] [INFO] Total posts so far: 6 / 10
[2026-03-25 17:01:00] [INFO] Backed up posts to: data/visible_posts_iter_4.json
[2026-03-25 17:01:00] [INFO] Need more posts. Scrolling down...
[2026-03-25 17:01:07] [WARN] Scroll may have failed, continuing...
[2026-03-25 17:01:09] [INFO] 
[2026-03-25 17:01:09] [INFO] ========== ITERATION 5 ==========
[2026-03-25 17:01:09] [INFO] [Phase 1/5] Expanding visible posts...
[2026-03-25 17:01:32] [ERROR] FAILED at expand_visible_posts.js (exit code: 1)
[2026-03-25 17:01:32] [WARN] Warning: expand_visible_posts failed, continuing...
[2026-03-25 17:01:33] [INFO] [Phase 2/5] Extracting posts from DOM...
[2026-03-25 17:01:44] [INFO] ========== Starting Posts Collection Workflow ==========
[2026-03-25 17:01:44] [INFO] Configuration:
[2026-03-25 17:01:44] [INFO]   GroupUrl: https://www.facebook.com/groups/792610141458395/
[2026-03-25 17:01:44] [INFO]   TargetCount: 10
[2026-03-25 17:01:44] [INFO]   BrowserProfile: openclaw
[2026-03-25 17:01:44] [INFO]   MaxIterations: 20
[2026-03-25 17:01:44] [INFO]   DryRun: True
[2026-03-25 17:01:44] [INFO] Target URL: https://www.facebook.com/groups/792610141458395/
[2026-03-25 17:01:44] [INFO] 
[2026-03-25 17:01:44] [INFO] ========== ITERATION 1 ==========
[2026-03-25 17:01:44] [INFO] [Phase 1/5] Expanding visible posts...
[2026-03-25 17:01:47] [ERROR] FAILED at extract_visible_posts.js (exit code: 1)
[2026-03-25 17:01:47] [WARN] Warning: extract_visible_posts failed, continuing...
[2026-03-25 17:01:48] [INFO] [Phase 3/5] Looking up action references...
[2026-03-25 17:01:58] [ERROR] FAILED at expand_visible_posts.js (exit code: 1)
[2026-03-25 17:01:58] [WARN] Warning: expand_visible_posts failed, continuing...
[2026-03-25 17:01:58] [ERROR] FAILED at lookup_post_action_refs.js (exit code: 1)
[2026-03-25 17:01:58] [WARN] Warning: lookup_post_action_refs failed, continuing...
[2026-03-25 17:01:59] [INFO] [Phase 2/5] Extracting posts from DOM...
[2026-03-25 17:01:59] [INFO] [Phase 4/5] Parsing snapshots...
[2026-03-25 17:02:00] [INFO] Wrote 6 posts -> data\visible_posts.json
[2026-03-25 17:02:00] [INFO] [Phase 5/5] Merging posts with action refs...
[2026-03-25 17:02:00] [INFO] Starting merge at 2026-03-25T17:02:00.244210
[2026-03-25 17:02:00] [INFO] Loaded: 0 DOM posts, 6 snapshot posts
[2026-03-25 17:02:00] [INFO] {
[2026-03-25 17:02:00] [INFO]   "all_fields_present": 6,
[2026-03-25 17:02:00] [INFO]   "missing_author": 0,
[2026-03-25 17:02:00] [INFO]   "missing_time": 0,
[2026-03-25 17:02:00] [INFO]   "missing_text": 0,
[2026-03-25 17:02:00] [INFO]   "missing_refs": 0,
[2026-03-25 17:02:00] [INFO]   "low_confidence": 0
[2026-03-25 17:02:00] [INFO] }
[2026-03-25 17:02:00] [INFO] Saved to: data\processed\merged_posts.json
[2026-03-25 17:02:00] [INFO] Posts collected in this iteration: 6
[2026-03-25 17:02:00] [INFO] Total posts so far: 6 / 10
[2026-03-25 17:02:00] [INFO] Backed up posts to: data/visible_posts_iter_5.json
[2026-03-25 17:02:00] [INFO] Need more posts. Scrolling down...
[2026-03-25 17:02:08] [WARN] Scroll may have failed, continuing...
[2026-03-25 17:02:09] [ERROR] FAILED at extract_visible_posts.js (exit code: 1)
[2026-03-25 17:02:09] [WARN] Warning: extract_visible_posts failed, continuing...
[2026-03-25 17:02:10] [INFO] [Phase 3/5] Looking up action references...
[2026-03-25 17:02:10] [INFO] 
[2026-03-25 17:02:10] [INFO] ========== ITERATION 6 ==========
[2026-03-25 17:02:10] [INFO] [Phase 1/5] Expanding visible posts...
[2026-03-25 17:02:19] [ERROR] FAILED at lookup_post_action_refs.js (exit code: 1)
[2026-03-25 17:02:19] [WARN] Warning: lookup_post_action_refs failed, continuing...
[2026-03-25 17:02:19] [ERROR] FAILED at expand_visible_posts.js (exit code: 1)
[2026-03-25 17:02:19] [WARN] Warning: expand_visible_posts failed, continuing...
[2026-03-25 17:02:20] [INFO] [Phase 4/5] Parsing snapshots...
[2026-03-25 17:02:28] [ERROR] FAILED at extract_visible_posts.js (exit code: 1)
[2026-03-25 17:02:28] [WARN] Warning: extract_visible_posts failed, continuing...
[2026-03-25 17:02:29] [INFO] [Phase 3/5] Looking up action references...
[2026-03-25 17:02:29] [WARN] Scroll may have failed, continuing...
[2026-03-25 17:02:31] [INFO] 
[2026-03-25 17:02:31] [INFO] ========== ITERATION 2 ==========
[2026-03-25 17:02:31] [INFO] [Phase 1/5] Expanding visible posts...
[2026-03-25 17:02:36] [ERROR] FAILED at lookup_post_action_refs.js (exit code: 1)
[2026-03-25 17:02:36] [WARN] Warning: lookup_post_action_refs failed, continuing...
[2026-03-25 17:02:37] [INFO] [Phase 4/5] Parsing snapshots...
[2026-03-25 17:02:37] [INFO] Wrote 6 posts -> data\visible_posts.json
[2026-03-25 17:02:37] [INFO] [Phase 5/5] Merging posts with action refs...
[2026-03-25 17:02:37] [INFO] Starting merge at 2026-03-25T17:02:37.954155
[2026-03-25 17:02:37] [INFO] Loaded: 0 DOM posts, 6 snapshot posts
[2026-03-25 17:02:37] [INFO] {
[2026-03-25 17:02:37] [INFO]   "all_fields_present": 6,
[2026-03-25 17:02:37] [INFO]   "missing_author": 0,
[2026-03-25 17:02:37] [INFO]   "missing_time": 0,
[2026-03-25 17:02:37] [INFO]   "missing_text": 0,
[2026-03-25 17:02:37] [INFO]   "missing_refs": 0,
[2026-03-25 17:02:37] [INFO]   "low_confidence": 0
[2026-03-25 17:02:37] [INFO] }
[2026-03-25 17:02:37] [INFO] Saved to: data\processed\merged_posts.json
[2026-03-25 17:02:37] [INFO] Posts collected in this iteration: 6
[2026-03-25 17:02:38] [INFO] Total posts so far: 6 / 10
[2026-03-25 17:02:38] [INFO] Backed up posts to: data/visible_posts_iter_6.json
[2026-03-25 17:02:38] [INFO] Need more posts. Scrolling down...
[2026-03-25 17:02:39] [ERROR] FAILED at expand_visible_posts.js (exit code: 1)
[2026-03-25 17:02:39] [WARN] Warning: expand_visible_posts failed, continuing...
[2026-03-25 17:02:40] [INFO] [Phase 2/5] Extracting posts from DOM...
[2026-03-25 17:02:44] [WARN] Scroll may have failed, continuing...
[2026-03-25 17:02:46] [INFO] 
[2026-03-25 17:02:46] [INFO] ========== ITERATION 7 ==========
[2026-03-25 17:02:46] [INFO] [Phase 1/5] Expanding visible posts...
[2026-03-25 17:02:47] [ERROR] FAILED at extract_visible_posts.js (exit code: 1)
[2026-03-25 17:02:47] [WARN] Warning: extract_visible_posts failed, continuing...
[2026-03-25 17:02:48] [INFO] [Phase 3/5] Looking up action references...
[2026-03-25 17:02:54] [ERROR] FAILED at expand_visible_posts.js (exit code: 1)
[2026-03-25 17:02:54] [WARN] Warning: expand_visible_posts failed, continuing...
[2026-03-25 17:02:55] [INFO] [Phase 2/5] Extracting posts from DOM...
[2026-03-25 17:02:55] [ERROR] FAILED at lookup_post_action_refs.js (exit code: 1)
[2026-03-25 17:02:55] [WARN] Warning: lookup_post_action_refs failed, continuing...
[2026-03-25 17:02:56] [INFO] [Phase 4/5] Parsing snapshots...
[2026-03-25 17:02:56] [INFO] Wrote 6 posts -> data\visible_posts.json
[2026-03-25 17:02:56] [INFO] [Phase 5/5] Merging posts with action refs...
[2026-03-25 17:02:56] [INFO] Starting merge at 2026-03-25T17:02:56.461718
[2026-03-25 17:02:56] [INFO] Loaded: 0 DOM posts, 6 snapshot posts
[2026-03-25 17:02:56] [INFO] {
[2026-03-25 17:02:56] [INFO]   "all_fields_present": 6,
[2026-03-25 17:02:56] [INFO]   "missing_author": 0,
[2026-03-25 17:02:56] [INFO]   "missing_time": 0,
[2026-03-25 17:02:56] [INFO]   "missing_text": 0,
[2026-03-25 17:02:56] [INFO]   "missing_refs": 0,
[2026-03-25 17:02:56] [INFO]   "low_confidence": 0
[2026-03-25 17:02:56] [INFO] }
[2026-03-25 17:02:56] [INFO] Saved to: data\processed\merged_posts.json
[2026-03-25 17:02:56] [INFO] Posts collected in this iteration: 6
[2026-03-25 17:02:56] [INFO] Total posts so far: 6 / 10
[2026-03-25 17:02:56] [INFO] Backed up posts to: data/visible_posts_iter_2.json
[2026-03-25 17:02:56] [INFO] Need more posts. Scrolling down...
[2026-03-25 17:03:01] [ERROR] FAILED at extract_visible_posts.js (exit code: 1)
[2026-03-25 17:03:01] [WARN] Warning: extract_visible_posts failed, continuing...
[2026-03-25 17:03:02] [INFO] [Phase 3/5] Looking up action references...
[2026-03-25 17:03:03] [WARN] Scroll may have failed, continuing...
[2026-03-25 17:03:05] [INFO] 
[2026-03-25 17:03:05] [INFO] ========== ITERATION 3 ==========
[2026-03-25 17:03:05] [INFO] [Phase 1/5] Expanding visible posts...
[2026-03-25 17:03:10] [ERROR] FAILED at lookup_post_action_refs.js (exit code: 1)
[2026-03-25 17:03:10] [WARN] Warning: lookup_post_action_refs failed, continuing...
[2026-03-25 17:03:11] [INFO] [Phase 4/5] Parsing snapshots...
[2026-03-25 17:03:11] [INFO] Wrote 6 posts -> data\visible_posts.json
[2026-03-25 17:03:11] [INFO] [Phase 5/5] Merging posts with action refs...
[2026-03-25 17:03:11] [INFO] Starting merge at 2026-03-25T17:03:11.530158
[2026-03-25 17:03:11] [INFO] Loaded: 0 DOM posts, 6 snapshot posts
[2026-03-25 17:03:11] [INFO] {
[2026-03-25 17:03:11] [INFO]   "all_fields_present": 6,
[2026-03-25 17:03:11] [INFO]   "missing_author": 0,
[2026-03-25 17:03:11] [INFO]   "missing_time": 0,
[2026-03-25 17:03:11] [INFO]   "missing_text": 0,
[2026-03-25 17:03:11] [INFO]   "missing_refs": 0,
[2026-03-25 17:03:11] [INFO]   "low_confidence": 0
[2026-03-25 17:03:11] [INFO] }
[2026-03-25 17:03:11] [INFO] Saved to: data\processed\merged_posts.json
[2026-03-25 17:03:11] [INFO] Posts collected in this iteration: 6
[2026-03-25 17:03:11] [INFO] Total posts so far: 6 / 10
[2026-03-25 17:03:11] [INFO] Backed up posts to: data/visible_posts_iter_7.json
[2026-03-25 17:03:11] [INFO] Need more posts. Scrolling down...
[2026-03-25 17:03:13] [ERROR] FAILED at expand_visible_posts.js (exit code: 1)
[2026-03-25 17:03:13] [WARN] Warning: expand_visible_posts failed, continuing...
[2026-03-25 17:03:14] [INFO] [Phase 2/5] Extracting posts from DOM...
[2026-03-25 17:03:18] [WARN] Scroll may have failed, continuing...
[2026-03-25 17:03:20] [INFO] 
[2026-03-25 17:03:20] [INFO] ========== ITERATION 8 ==========
[2026-03-25 17:03:20] [INFO] [Phase 1/5] Expanding visible posts...
[2026-03-25 17:03:21] [ERROR] FAILED at extract_visible_posts.js (exit code: 1)
[2026-03-25 17:03:21] [WARN] Warning: extract_visible_posts failed, continuing...
[2026-03-25 17:03:22] [INFO] [Phase 3/5] Looking up action references...
[2026-03-25 17:03:27] [ERROR] FAILED at expand_visible_posts.js (exit code: 1)
[2026-03-25 17:03:27] [WARN] Warning: expand_visible_posts failed, continuing...
[2026-03-25 17:03:28] [INFO] [Phase 2/5] Extracting posts from DOM...
[2026-03-25 17:03:29] [ERROR] FAILED at lookup_post_action_refs.js (exit code: 1)
[2026-03-25 17:03:29] [WARN] Warning: lookup_post_action_refs failed, continuing...
[2026-03-25 17:03:30] [INFO] [Phase 4/5] Parsing snapshots...
[2026-03-25 17:03:30] [INFO] Wrote 6 posts -> data\visible_posts.json
[2026-03-25 17:03:30] [INFO] [Phase 5/5] Merging posts with action refs...
[2026-03-25 17:03:30] [INFO] Starting merge at 2026-03-25T17:03:30.874535
[2026-03-25 17:03:30] [INFO] Loaded: 0 DOM posts, 6 snapshot posts
[2026-03-25 17:03:30] [INFO] {
[2026-03-25 17:03:30] [INFO]   "all_fields_present": 6,
[2026-03-25 17:03:30] [INFO]   "missing_author": 0,
[2026-03-25 17:03:30] [INFO]   "missing_time": 0,
[2026-03-25 17:03:30] [INFO]   "missing_text": 0,
[2026-03-25 17:03:30] [INFO]   "missing_refs": 0,
[2026-03-25 17:03:30] [INFO]   "low_confidence": 0
[2026-03-25 17:03:30] [INFO] }
[2026-03-25 17:03:30] [INFO] Saved to: data\processed\merged_posts.json
[2026-03-25 17:03:30] [INFO] Posts collected in this iteration: 6
[2026-03-25 17:03:30] [INFO] Total posts so far: 6 / 10
[2026-03-25 17:03:30] [INFO] Backed up posts to: data/visible_posts_iter_3.json
[2026-03-25 17:03:30] [INFO] Need more posts. Scrolling down...
[2026-03-25 17:03:34] [ERROR] FAILED at extract_visible_posts.js (exit code: 1)
[2026-03-25 17:03:34] [WARN] Warning: extract_visible_posts failed, continuing...
[2026-03-25 17:03:35] [INFO] [Phase 3/5] Looking up action references...
[2026-03-25 17:03:42] [ERROR] FAILED at lookup_post_action_refs.js (exit code: 1)
[2026-03-25 17:03:42] [WARN] Warning: lookup_post_action_refs failed, continuing...
[2026-03-25 17:03:43] [INFO] [Phase 4/5] Parsing snapshots...
[2026-03-25 17:03:43] [INFO] Wrote 6 posts -> data\visible_posts.json
[2026-03-25 17:03:43] [INFO] [Phase 5/5] Merging posts with action refs...
[2026-03-25 17:03:43] [INFO] Starting merge at 2026-03-25T17:03:43.353187
[2026-03-25 17:03:43] [INFO] Loaded: 0 DOM posts, 6 snapshot posts
[2026-03-25 17:03:43] [INFO] {
[2026-03-25 17:03:43] [INFO]   "all_fields_present": 6,
[2026-03-25 17:03:43] [INFO]   "missing_author": 0,
[2026-03-25 17:03:43] [INFO]   "missing_time": 0,
[2026-03-25 17:03:43] [INFO]   "missing_text": 0,
[2026-03-25 17:03:43] [INFO]   "missing_refs": 0,
[2026-03-25 17:03:43] [INFO]   "low_confidence": 0
[2026-03-25 17:03:43] [INFO] }
[2026-03-25 17:03:43] [INFO] Saved to: data\processed\merged_posts.json
[2026-03-25 17:03:43] [INFO] Posts collected in this iteration: 6
[2026-03-25 17:03:43] [INFO] Total posts so far: 6 / 10
[2026-03-25 17:03:43] [INFO] Backed up posts to: data/visible_posts_iter_8.json
[2026-03-25 17:03:43] [INFO] Need more posts. Scrolling down...
[2026-03-25 17:03:49] [WARN] Scroll may have failed, continuing...
[2026-03-25 17:03:51] [INFO] 
[2026-03-25 17:03:51] [INFO] ========== ITERATION 9 ==========
[2026-03-25 17:03:51] [INFO] [Phase 1/5] Expanding visible posts...
[2026-03-25 17:03:56] [ERROR] FAILED at expand_visible_posts.js (exit code: 1)
[2026-03-25 17:03:56] [WARN] Warning: expand_visible_posts failed, continuing...
[2026-03-25 17:03:57] [INFO] [Phase 2/5] Extracting posts from DOM...
[2026-03-25 17:04:03] [ERROR] FAILED at extract_visible_posts.js (exit code: 1)
[2026-03-25 17:04:03] [WARN] Warning: extract_visible_posts failed, continuing...
[2026-03-25 17:04:04] [INFO] [Phase 3/5] Looking up action references...
[2026-03-25 17:04:09] [ERROR] FAILED at lookup_post_action_refs.js (exit code: 1)
[2026-03-25 17:04:09] [WARN] Warning: lookup_post_action_refs failed, continuing...
[2026-03-25 17:04:10] [INFO] [Phase 4/5] Parsing snapshots...
[2026-03-25 17:04:11] [INFO] Wrote 6 posts -> data\visible_posts.json
[2026-03-25 17:04:11] [INFO] [Phase 5/5] Merging posts with action refs...
[2026-03-25 17:04:11] [INFO] Starting merge at 2026-03-25T17:04:11.317017
[2026-03-25 17:04:11] [INFO] Loaded: 0 DOM posts, 6 snapshot posts
[2026-03-25 17:04:11] [INFO] {
[2026-03-25 17:04:11] [INFO]   "all_fields_present": 6,
[2026-03-25 17:04:11] [INFO]   "missing_author": 0,
[2026-03-25 17:04:11] [INFO]   "missing_time": 0,
[2026-03-25 17:04:11] [INFO]   "missing_text": 0,
[2026-03-25 17:04:11] [INFO]   "missing_refs": 0,
[2026-03-25 17:04:11] [INFO]   "low_confidence": 0
[2026-03-25 17:04:11] [INFO] }
[2026-03-25 17:04:11] [INFO] Saved to: data\processed\merged_posts.json
[2026-03-25 17:04:11] [INFO] Posts collected in this iteration: 6
[2026-03-25 17:04:11] [INFO] Total posts so far: 6 / 10
[2026-03-25 17:04:11] [INFO] Backed up posts to: data/visible_posts_iter_9.json
[2026-03-25 17:04:11] [INFO] Need more posts. Scrolling down...
[2026-03-25 17:04:18] [WARN] Scroll may have failed, continuing...
[2026-03-25 17:04:20] [INFO] 
[2026-03-25 17:04:20] [INFO] ========== ITERATION 10 ==========
[2026-03-25 17:04:20] [INFO] [Phase 1/5] Expanding visible posts...
[2026-03-25 17:04:26] [ERROR] FAILED at expand_visible_posts.js (exit code: 1)
[2026-03-25 17:04:26] [WARN] Warning: expand_visible_posts failed, continuing...
[2026-03-25 17:04:27] [INFO] [Phase 2/5] Extracting posts from DOM...
[2026-03-25 17:04:33] [ERROR] FAILED at extract_visible_posts.js (exit code: 1)
[2026-03-25 17:04:33] [WARN] Warning: extract_visible_posts failed, continuing...
[2026-03-25 17:04:34] [INFO] [Phase 3/5] Looking up action references...
[2026-03-25 17:04:41] [ERROR] FAILED at lookup_post_action_refs.js (exit code: 1)
[2026-03-25 17:04:41] [WARN] Warning: lookup_post_action_refs failed, continuing...
[2026-03-25 17:04:42] [INFO] [Phase 4/5] Parsing snapshots...
[2026-03-25 17:04:42] [INFO] Wrote 6 posts -> data\visible_posts.json
[2026-03-25 17:04:42] [INFO] [Phase 5/5] Merging posts with action refs...
[2026-03-25 17:04:42] [INFO] Starting merge at 2026-03-25T17:04:42.404551
[2026-03-25 17:04:42] [INFO] Loaded: 0 DOM posts, 6 snapshot posts
[2026-03-25 17:04:42] [INFO] {
[2026-03-25 17:04:42] [INFO]   "all_fields_present": 6,
[2026-03-25 17:04:42] [INFO]   "missing_author": 0,
[2026-03-25 17:04:42] [INFO]   "missing_time": 0,
[2026-03-25 17:04:42] [INFO]   "missing_text": 0,
[2026-03-25 17:04:42] [INFO]   "missing_refs": 0,
[2026-03-25 17:04:42] [INFO]   "low_confidence": 0
[2026-03-25 17:04:42] [INFO] }
[2026-03-25 17:04:42] [INFO] Saved to: data\processed\merged_posts.json
[2026-03-25 17:04:42] [INFO] Posts collected in this iteration: 6
[2026-03-25 17:04:42] [INFO] Total posts so far: 6 / 10
[2026-03-25 17:04:42] [INFO] Backed up posts to: data/visible_posts_iter_10.json
[2026-03-25 17:04:42] [INFO] Need more posts. Scrolling down...
[2026-03-25 17:04:48] [WARN] Scroll may have failed, continuing...
[2026-03-25 17:04:50] [INFO] 
[2026-03-25 17:04:50] [INFO] ========== ITERATION 11 ==========
[2026-03-25 17:04:50] [INFO] [Phase 1/5] Expanding visible posts...
[2026-03-25 17:04:56] [ERROR] FAILED at expand_visible_posts.js (exit code: 1)
[2026-03-25 17:04:56] [WARN] Warning: expand_visible_posts failed, continuing...
[2026-03-25 17:04:57] [INFO] [Phase 2/5] Extracting posts from DOM...
[2026-03-25 17:05:02] [ERROR] FAILED at extract_visible_posts.js (exit code: 1)
[2026-03-25 17:05:02] [WARN] Warning: extract_visible_posts failed, continuing...
[2026-03-25 17:05:03] [INFO] [Phase 3/5] Looking up action references...
[2026-03-25 17:05:09] [ERROR] FAILED at lookup_post_action_refs.js (exit code: 1)
[2026-03-25 17:05:09] [WARN] Warning: lookup_post_action_refs failed, continuing...
[2026-03-25 17:05:10] [INFO] [Phase 4/5] Parsing snapshots...
[2026-03-25 17:05:10] [INFO] Wrote 6 posts -> data\visible_posts.json
[2026-03-25 17:05:10] [INFO] [Phase 5/5] Merging posts with action refs...
[2026-03-25 17:05:11] [INFO] Starting merge at 2026-03-25T17:05:11.063677
[2026-03-25 17:05:11] [INFO] Loaded: 0 DOM posts, 6 snapshot posts
[2026-03-25 17:05:11] [INFO] {
[2026-03-25 17:05:11] [INFO]   "all_fields_present": 6,
[2026-03-25 17:05:11] [INFO]   "missing_author": 0,
[2026-03-25 17:05:11] [INFO]   "missing_time": 0,
[2026-03-25 17:05:11] [INFO]   "missing_text": 0,
[2026-03-25 17:05:11] [INFO]   "missing_refs": 0,
[2026-03-25 17:05:11] [INFO]   "low_confidence": 0
[2026-03-25 17:05:11] [INFO] }
[2026-03-25 17:05:11] [INFO] Saved to: data\processed\merged_posts.json
[2026-03-25 17:05:11] [INFO] Posts collected in this iteration: 6
[2026-03-25 17:05:11] [INFO] Total posts so far: 6 / 10
[2026-03-25 17:05:11] [INFO] Backed up posts to: data/visible_posts_iter_11.json
[2026-03-25 17:05:11] [INFO] Need more posts. Scrolling down...
[2026-03-25 17:05:18] [WARN] Scroll may have failed, continuing...
[2026-03-25 17:05:20] [INFO] 
[2026-03-25 17:05:20] [INFO] ========== ITERATION 12 ==========
[2026-03-25 17:05:20] [INFO] [Phase 1/5] Expanding visible posts...
[2026-03-25 17:05:26] [ERROR] FAILED at expand_visible_posts.js (exit code: 1)
[2026-03-25 17:05:26] [WARN] Warning: expand_visible_posts failed, continuing...
[2026-03-25 17:05:27] [INFO] [Phase 2/5] Extracting posts from DOM...
[2026-03-25 17:05:33] [ERROR] FAILED at extract_visible_posts.js (exit code: 1)
[2026-03-25 17:05:33] [WARN] Warning: extract_visible_posts failed, continuing...
[2026-03-25 17:05:34] [INFO] [Phase 3/5] Looking up action references...
[2026-03-25 17:05:41] [ERROR] FAILED at lookup_post_action_refs.js (exit code: 1)
[2026-03-25 17:05:41] [WARN] Warning: lookup_post_action_refs failed, continuing...
[2026-03-25 17:05:42] [INFO] [Phase 4/5] Parsing snapshots...
[2026-03-25 17:05:42] [INFO] Wrote 6 posts -> data\visible_posts.json
[2026-03-25 17:05:42] [INFO] [Phase 5/5] Merging posts with action refs...
[2026-03-25 17:05:42] [INFO] Starting merge at 2026-03-25T17:05:42.304105
[2026-03-25 17:05:42] [INFO] Loaded: 0 DOM posts, 6 snapshot posts
[2026-03-25 17:05:42] [INFO] {
[2026-03-25 17:05:42] [INFO]   "all_fields_present": 6,
[2026-03-25 17:05:42] [INFO]   "missing_author": 0,
[2026-03-25 17:05:42] [INFO]   "missing_time": 0,
[2026-03-25 17:05:42] [INFO]   "missing_text": 0,
[2026-03-25 17:05:42] [INFO]   "missing_refs": 0,
[2026-03-25 17:05:42] [INFO]   "low_confidence": 0
[2026-03-25 17:05:42] [INFO] }
[2026-03-25 17:05:42] [INFO] Saved to: data\processed\merged_posts.json
[2026-03-25 17:05:42] [INFO] Posts collected in this iteration: 6
[2026-03-25 17:05:42] [INFO] Total posts so far: 6 / 10
[2026-03-25 17:05:42] [INFO] Backed up posts to: data/visible_posts_iter_12.json
[2026-03-25 17:05:42] [INFO] Need more posts. Scrolling down...
[2026-03-25 17:05:47] [WARN] Scroll may have failed, continuing...
[2026-03-25 17:05:50] [INFO] 
[2026-03-25 17:05:50] [INFO] ========== ITERATION 13 ==========
[2026-03-25 17:05:50] [INFO] [Phase 1/5] Expanding visible posts...
[2026-03-25 17:05:55] [ERROR] FAILED at expand_visible_posts.js (exit code: 1)
[2026-03-25 17:05:55] [WARN] Warning: expand_visible_posts failed, continuing...
[2026-03-25 17:05:56] [INFO] [Phase 2/5] Extracting posts from DOM...
[2026-03-25 17:06:02] [ERROR] FAILED at extract_visible_posts.js (exit code: 1)
[2026-03-25 17:06:02] [WARN] Warning: extract_visible_posts failed, continuing...
[2026-03-25 17:06:03] [INFO] [Phase 3/5] Looking up action references...
[2026-03-25 17:06:09] [ERROR] FAILED at lookup_post_action_refs.js (exit code: 1)
[2026-03-25 17:06:09] [WARN] Warning: lookup_post_action_refs failed, continuing...
[2026-03-25 17:06:10] [INFO] [Phase 4/5] Parsing snapshots...
[2026-03-25 17:06:10] [INFO] Wrote 6 posts -> data\visible_posts.json
[2026-03-25 17:06:10] [INFO] [Phase 5/5] Merging posts with action refs...
[2026-03-25 17:06:10] [INFO] Starting merge at 2026-03-25T17:06:10.841822
[2026-03-25 17:06:10] [INFO] Loaded: 0 DOM posts, 6 snapshot posts
[2026-03-25 17:06:10] [INFO] {
[2026-03-25 17:06:10] [INFO]   "all_fields_present": 6,
[2026-03-25 17:06:10] [INFO]   "missing_author": 0,
[2026-03-25 17:06:10] [INFO]   "missing_time": 0,
[2026-03-25 17:06:10] [INFO]   "missing_text": 0,
[2026-03-25 17:06:10] [INFO]   "missing_refs": 0,
[2026-03-25 17:06:10] [INFO]   "low_confidence": 0
[2026-03-25 17:06:10] [INFO] }
[2026-03-25 17:06:10] [INFO] Saved to: data\processed\merged_posts.json
[2026-03-25 17:06:10] [INFO] Posts collected in this iteration: 6
[2026-03-25 17:06:10] [INFO] Total posts so far: 6 / 10
[2026-03-25 17:06:10] [INFO] Backed up posts to: data/visible_posts_iter_13.json
[2026-03-25 17:06:10] [INFO] Need more posts. Scrolling down...
[2026-03-25 17:06:16] [WARN] Scroll may have failed, continuing...
[2026-03-25 17:06:18] [INFO] 
[2026-03-25 17:06:18] [INFO] ========== ITERATION 14 ==========
[2026-03-25 17:06:18] [INFO] [Phase 1/5] Expanding visible posts...
[2026-03-25 17:06:23] [ERROR] FAILED at expand_visible_posts.js (exit code: 1)
[2026-03-25 17:06:23] [WARN] Warning: expand_visible_posts failed, continuing...
[2026-03-25 17:06:24] [INFO] [Phase 2/5] Extracting posts from DOM...
[2026-03-25 17:06:30] [ERROR] FAILED at extract_visible_posts.js (exit code: 1)
[2026-03-25 17:06:30] [WARN] Warning: extract_visible_posts failed, continuing...
[2026-03-25 17:06:31] [INFO] [Phase 3/5] Looking up action references...
[2026-03-25 17:06:39] [ERROR] FAILED at lookup_post_action_refs.js (exit code: 1)
[2026-03-25 17:06:39] [WARN] Warning: lookup_post_action_refs failed, continuing...
[2026-03-25 17:06:40] [INFO] [Phase 4/5] Parsing snapshots...
[2026-03-25 17:06:40] [INFO] Wrote 6 posts -> data\visible_posts.json
[2026-03-25 17:06:40] [INFO] [Phase 5/5] Merging posts with action refs...
[2026-03-25 17:06:40] [INFO] Starting merge at 2026-03-25T17:06:40.454578
[2026-03-25 17:06:40] [INFO] Loaded: 0 DOM posts, 6 snapshot posts
[2026-03-25 17:06:40] [INFO] {
[2026-03-25 17:06:40] [INFO]   "all_fields_present": 6,
[2026-03-25 17:06:40] [INFO]   "missing_author": 0,
[2026-03-25 17:06:40] [INFO]   "missing_time": 0,
[2026-03-25 17:06:40] [INFO]   "missing_text": 0,
[2026-03-25 17:06:40] [INFO]   "missing_refs": 0,
[2026-03-25 17:06:40] [INFO]   "low_confidence": 0
[2026-03-25 17:06:40] [INFO] }
[2026-03-25 17:06:40] [INFO] Saved to: data\processed\merged_posts.json
[2026-03-25 17:06:40] [INFO] Posts collected in this iteration: 6
[2026-03-25 17:06:40] [INFO] Total posts so far: 6 / 10
[2026-03-25 17:06:40] [INFO] Backed up posts to: data/visible_posts_iter_14.json
[2026-03-25 17:06:40] [INFO] Need more posts. Scrolling down...
[2026-03-25 17:06:52] [WARN] Scroll may have failed, continuing...
[2026-03-25 17:06:54] [INFO] 
[2026-03-25 17:06:54] [INFO] ========== ITERATION 15 ==========
[2026-03-25 17:06:54] [INFO] [Phase 1/5] Expanding visible posts...
[2026-03-25 17:06:59] [ERROR] FAILED at expand_visible_posts.js (exit code: 1)
[2026-03-25 17:06:59] [WARN] Warning: expand_visible_posts failed, continuing...
[2026-03-25 17:07:00] [INFO] [Phase 2/5] Extracting posts from DOM...
[2026-03-25 17:07:06] [ERROR] FAILED at extract_visible_posts.js (exit code: 1)
[2026-03-25 17:07:06] [WARN] Warning: extract_visible_posts failed, continuing...
[2026-03-25 17:07:07] [INFO] [Phase 3/5] Looking up action references...
[2026-03-25 17:07:13] [ERROR] FAILED at lookup_post_action_refs.js (exit code: 1)
[2026-03-25 17:07:13] [WARN] Warning: lookup_post_action_refs failed, continuing...
[2026-03-25 17:07:14] [INFO] [Phase 4/5] Parsing snapshots...
[2026-03-25 17:07:15] [INFO] Wrote 6 posts -> data\visible_posts.json
[2026-03-25 17:07:15] [INFO] [Phase 5/5] Merging posts with action refs...
[2026-03-25 17:07:15] [INFO] Starting merge at 2026-03-25T17:07:15.430267
[2026-03-25 17:07:15] [INFO] Loaded: 0 DOM posts, 6 snapshot posts
[2026-03-25 17:07:15] [INFO] {
[2026-03-25 17:07:15] [INFO]   "all_fields_present": 6,
[2026-03-25 17:07:15] [INFO]   "missing_author": 0,
[2026-03-25 17:07:15] [INFO]   "missing_time": 0,
[2026-03-25 17:07:15] [INFO]   "missing_text": 0,
[2026-03-25 17:07:15] [INFO]   "missing_refs": 0,
[2026-03-25 17:07:15] [INFO]   "low_confidence": 0
[2026-03-25 17:07:15] [INFO] }
[2026-03-25 17:07:15] [INFO] Saved to: data\processed\merged_posts.json
[2026-03-25 17:07:15] [INFO] Posts collected in this iteration: 6
[2026-03-25 17:07:15] [INFO] Total posts so far: 6 / 10
[2026-03-25 17:07:15] [INFO] Backed up posts to: data/visible_posts_iter_15.json
[2026-03-25 17:07:15] [INFO] Need more posts. Scrolling down...
[2026-03-25 17:07:22] [WARN] Scroll may have failed, continuing...
[2026-03-25 17:07:24] [INFO] 
[2026-03-25 17:07:24] [INFO] ========== ITERATION 16 ==========
[2026-03-25 17:07:24] [INFO] [Phase 1/5] Expanding visible posts...
[2026-03-25 17:07:31] [ERROR] FAILED at expand_visible_posts.js (exit code: 1)
[2026-03-25 17:07:31] [WARN] Warning: expand_visible_posts failed, continuing...
[2026-03-25 17:07:32] [INFO] [Phase 2/5] Extracting posts from DOM...
[2026-03-25 17:07:38] [ERROR] FAILED at extract_visible_posts.js (exit code: 1)
[2026-03-25 17:07:38] [WARN] Warning: extract_visible_posts failed, continuing...
[2026-03-25 17:07:39] [INFO] [Phase 3/5] Looking up action references...
[2026-03-25 17:07:45] [ERROR] FAILED at lookup_post_action_refs.js (exit code: 1)
[2026-03-25 17:07:45] [WARN] Warning: lookup_post_action_refs failed, continuing...
[2026-03-25 17:07:46] [INFO] [Phase 4/5] Parsing snapshots...
[2026-03-25 17:07:46] [INFO] Wrote 6 posts -> data\visible_posts.json
[2026-03-25 17:07:46] [INFO] [Phase 5/5] Merging posts with action refs...
[2026-03-25 17:07:46] [INFO] Starting merge at 2026-03-25T17:07:46.455557
[2026-03-25 17:07:46] [INFO] Loaded: 0 DOM posts, 6 snapshot posts
[2026-03-25 17:07:46] [INFO] {
[2026-03-25 17:07:46] [INFO]   "all_fields_present": 6,
[2026-03-25 17:07:46] [INFO]   "missing_author": 0,
[2026-03-25 17:07:46] [INFO]   "missing_time": 0,
[2026-03-25 17:07:46] [INFO]   "missing_text": 0,
[2026-03-25 17:07:46] [INFO]   "missing_refs": 0,
[2026-03-25 17:07:46] [INFO]   "low_confidence": 0
[2026-03-25 17:07:46] [INFO] }
[2026-03-25 17:07:46] [INFO] Saved to: data\processed\merged_posts.json
[2026-03-25 17:07:46] [INFO] Posts collected in this iteration: 6
[2026-03-25 17:07:46] [INFO] Total posts so far: 6 / 10
[2026-03-25 17:07:46] [INFO] Backed up posts to: data/visible_posts_iter_16.json
[2026-03-25 17:07:46] [INFO] Need more posts. Scrolling down...
[2026-03-25 17:07:53] [WARN] Scroll may have failed, continuing...
[2026-03-25 17:07:55] [INFO] 
[2026-03-25 17:07:55] [INFO] ========== ITERATION 17 ==========
[2026-03-25 17:07:55] [INFO] [Phase 1/5] Expanding visible posts...
[2026-03-25 17:08:00] [ERROR] FAILED at expand_visible_posts.js (exit code: 1)
[2026-03-25 17:08:00] [WARN] Warning: expand_visible_posts failed, continuing...
[2026-03-25 17:08:01] [INFO] [Phase 2/5] Extracting posts from DOM...
[2026-03-25 17:08:08] [ERROR] FAILED at extract_visible_posts.js (exit code: 1)
[2026-03-25 17:08:08] [WARN] Warning: extract_visible_posts failed, continuing...
[2026-03-25 17:08:09] [INFO] [Phase 3/5] Looking up action references...
[2026-03-25 17:08:15] [ERROR] FAILED at lookup_post_action_refs.js (exit code: 1)
[2026-03-25 17:08:15] [WARN] Warning: lookup_post_action_refs failed, continuing...
[2026-03-25 17:08:16] [INFO] [Phase 4/5] Parsing snapshots...
[2026-03-25 17:08:16] [INFO] Wrote 6 posts -> data\visible_posts.json
[2026-03-25 17:08:16] [INFO] [Phase 5/5] Merging posts with action refs...
[2026-03-25 17:08:16] [INFO] Starting merge at 2026-03-25T17:08:16.809456
[2026-03-25 17:08:16] [INFO] Loaded: 0 DOM posts, 6 snapshot posts
[2026-03-25 17:08:16] [INFO] {
[2026-03-25 17:08:16] [INFO]   "all_fields_present": 6,
[2026-03-25 17:08:16] [INFO]   "missing_author": 0,
[2026-03-25 17:08:16] [INFO]   "missing_time": 0,
[2026-03-25 17:08:16] [INFO]   "missing_text": 0,
[2026-03-25 17:08:16] [INFO]   "missing_refs": 0,
[2026-03-25 17:08:16] [INFO]   "low_confidence": 0
[2026-03-25 17:08:16] [INFO] }
[2026-03-25 17:08:16] [INFO] Saved to: data\processed\merged_posts.json
[2026-03-25 17:08:16] [INFO] Posts collected in this iteration: 6
[2026-03-25 17:08:16] [INFO] Total posts so far: 6 / 10
[2026-03-25 17:08:16] [INFO] Backed up posts to: data/visible_posts_iter_17.json
[2026-03-25 17:08:16] [INFO] Need more posts. Scrolling down...
[2026-03-25 17:08:23] [WARN] Scroll may have failed, continuing...
[2026-03-25 17:08:25] [INFO] 
[2026-03-25 17:08:25] [INFO] ========== ITERATION 18 ==========
[2026-03-25 17:08:25] [INFO] [Phase 1/5] Expanding visible posts...
[2026-03-25 17:08:31] [ERROR] FAILED at expand_visible_posts.js (exit code: 1)
[2026-03-25 17:08:31] [WARN] Warning: expand_visible_posts failed, continuing...
[2026-03-25 17:08:32] [INFO] [Phase 2/5] Extracting posts from DOM...
[2026-03-25 17:08:38] [ERROR] FAILED at extract_visible_posts.js (exit code: 1)
[2026-03-25 17:08:38] [WARN] Warning: extract_visible_posts failed, continuing...
[2026-03-25 17:08:39] [INFO] [Phase 3/5] Looking up action references...
[2026-03-25 17:08:44] [ERROR] FAILED at lookup_post_action_refs.js (exit code: 1)
[2026-03-25 17:08:44] [WARN] Warning: lookup_post_action_refs failed, continuing...
[2026-03-25 17:08:45] [INFO] [Phase 4/5] Parsing snapshots...
[2026-03-25 17:08:45] [INFO] Wrote 6 posts -> data\visible_posts.json
[2026-03-25 17:08:45] [INFO] [Phase 5/5] Merging posts with action refs...
[2026-03-25 17:08:45] [INFO] Starting merge at 2026-03-25T17:08:45.809547
[2026-03-25 17:08:45] [INFO] Loaded: 0 DOM posts, 6 snapshot posts
[2026-03-25 17:08:45] [INFO] {
[2026-03-25 17:08:45] [INFO]   "all_fields_present": 6,
[2026-03-25 17:08:45] [INFO]   "missing_author": 0,
[2026-03-25 17:08:45] [INFO]   "missing_time": 0,
[2026-03-25 17:08:45] [INFO]   "missing_text": 0,
[2026-03-25 17:08:45] [INFO]   "missing_refs": 0,
[2026-03-25 17:08:45] [INFO]   "low_confidence": 0
[2026-03-25 17:08:45] [INFO] }
[2026-03-25 17:08:45] [INFO] Saved to: data\processed\merged_posts.json
[2026-03-25 17:08:45] [INFO] Posts collected in this iteration: 6
[2026-03-25 17:08:45] [INFO] Total posts so far: 6 / 10
[2026-03-25 17:08:45] [INFO] Backed up posts to: data/visible_posts_iter_18.json
[2026-03-25 17:08:45] [INFO] Need more posts. Scrolling down...
[2026-03-25 17:08:52] [WARN] Scroll may have failed, continuing...
[2026-03-25 17:08:54] [INFO] 
[2026-03-25 17:08:54] [INFO] ========== ITERATION 19 ==========
[2026-03-25 17:08:54] [INFO] [Phase 1/5] Expanding visible posts...
[2026-03-25 17:09:00] [ERROR] FAILED at expand_visible_posts.js (exit code: 1)
[2026-03-25 17:09:00] [WARN] Warning: expand_visible_posts failed, continuing...
[2026-03-25 17:09:01] [INFO] [Phase 2/5] Extracting posts from DOM...
[2026-03-25 17:09:06] [ERROR] FAILED at extract_visible_posts.js (exit code: 1)
[2026-03-25 17:09:06] [WARN] Warning: extract_visible_posts failed, continuing...
[2026-03-25 17:09:07] [INFO] [Phase 3/5] Looking up action references...
[2026-03-25 17:09:11] [INFO] ========== Starting Posts Collection Workflow ==========
[2026-03-25 17:09:11] [INFO] Configuration:
[2026-03-25 17:09:11] [INFO]   GroupUrl: https://www.facebook.com/groups/792610141458395/
[2026-03-25 17:09:11] [INFO]   TargetCount: 10
[2026-03-25 17:09:11] [INFO]   BrowserProfile: openclaw
[2026-03-25 17:09:11] [INFO]   MaxIterations: 20
[2026-03-25 17:09:11] [INFO]   DryRun: True
[2026-03-25 17:09:11] [INFO] Target URL: https://www.facebook.com/groups/792610141458395/
[2026-03-25 17:09:11] [INFO] 
[2026-03-25 17:09:11] [INFO] ========== ITERATION 1 ==========
[2026-03-25 17:09:11] [INFO] [Phase 1/5] Expanding visible posts...
[2026-03-25 17:09:14] [ERROR] FAILED at lookup_post_action_refs.js (exit code: 1)
[2026-03-25 17:09:14] [WARN] Warning: lookup_post_action_refs failed, continuing...
[2026-03-25 17:09:15] [INFO] [Phase 4/5] Parsing snapshots...
[2026-03-25 17:09:15] [INFO] Wrote 6 posts -> data\visible_posts.json
[2026-03-25 17:09:15] [INFO] [Phase 5/5] Merging posts with action refs...
[2026-03-25 17:09:15] [INFO] Starting merge at 2026-03-25T17:09:15.654488
[2026-03-25 17:09:15] [INFO] Loaded: 0 DOM posts, 6 snapshot posts
[2026-03-25 17:09:15] [INFO] {
[2026-03-25 17:09:15] [INFO]   "all_fields_present": 6,
[2026-03-25 17:09:15] [INFO]   "missing_author": 0,
[2026-03-25 17:09:15] [INFO]   "missing_time": 0,
[2026-03-25 17:09:15] [INFO]   "missing_text": 0,
[2026-03-25 17:09:15] [INFO]   "missing_refs": 0,
[2026-03-25 17:09:15] [INFO]   "low_confidence": 0
[2026-03-25 17:09:15] [INFO] }
[2026-03-25 17:09:15] [INFO] Saved to: data\processed\merged_posts.json
[2026-03-25 17:09:15] [INFO] Posts collected in this iteration: 6
[2026-03-25 17:09:15] [INFO] Total posts so far: 6 / 10
[2026-03-25 17:09:15] [INFO] Backed up posts to: data/visible_posts_iter_19.json
[2026-03-25 17:09:15] [INFO] Need more posts. Scrolling down...
[2026-03-25 17:09:18] [ERROR] FAILED at expand_visible_posts.js (exit code: 1)
[2026-03-25 17:09:18] [WARN] Warning: expand_visible_posts failed, continuing...
[2026-03-25 17:09:19] [INFO] [Phase 2/5] Extracting posts from DOM...
[2026-03-25 17:09:22] [WARN] Scroll may have failed, continuing...
[2026-03-25 17:09:24] [INFO] 
[2026-03-25 17:09:24] [INFO] ========== ITERATION 20 ==========
[2026-03-25 17:09:24] [INFO] [Phase 1/5] Expanding visible posts...
[2026-03-25 17:09:32] [ERROR] FAILED at extract_visible_posts.js (exit code: 1)
[2026-03-25 17:09:32] [WARN] Warning: extract_visible_posts failed, continuing...
[2026-03-25 17:09:32] [ERROR] FAILED at expand_visible_posts.js (exit code: 1)
[2026-03-25 17:09:32] [WARN] Warning: expand_visible_posts failed, continuing...
[2026-03-25 17:09:33] [INFO] [Phase 3/5] Looking up action references...
[2026-03-25 17:09:33] [INFO] [Phase 2/5] Extracting posts from DOM...
[2026-03-25 17:09:43] [ERROR] FAILED at extract_visible_posts.js (exit code: 1)
[2026-03-25 17:09:43] [WARN] Warning: extract_visible_posts failed, continuing...
[2026-03-25 17:09:43] [ERROR] FAILED at lookup_post_action_refs.js (exit code: 1)
[2026-03-25 17:09:43] [WARN] Warning: lookup_post_action_refs failed, continuing...
[2026-03-25 17:09:44] [INFO] [Phase 3/5] Looking up action references...
[2026-03-25 17:09:44] [INFO] [Phase 4/5] Parsing snapshots...
[2026-03-25 17:09:45] [INFO] Wrote 6 posts -> data\visible_posts.json
[2026-03-25 17:09:45] [INFO] [Phase 5/5] Merging posts with action refs...
[2026-03-25 17:09:45] [INFO] Starting merge at 2026-03-25T17:09:45.470899
[2026-03-25 17:09:45] [INFO] Loaded: 0 DOM posts, 6 snapshot posts
[2026-03-25 17:09:45] [INFO] {
[2026-03-25 17:09:45] [INFO]   "all_fields_present": 6,
[2026-03-25 17:09:45] [INFO]   "missing_author": 0,
[2026-03-25 17:09:45] [INFO]   "missing_time": 0,
[2026-03-25 17:09:45] [INFO]   "missing_text": 0,
[2026-03-25 17:09:45] [INFO]   "missing_refs": 0,
[2026-03-25 17:09:45] [INFO]   "low_confidence": 0
[2026-03-25 17:09:45] [INFO] }
[2026-03-25 17:09:45] [INFO] Saved to: data\processed\merged_posts.json
[2026-03-25 17:09:46] [INFO] Posts collected in this iteration: 6
[2026-03-25 17:09:46] [INFO] Total posts so far: 6 / 10
[2026-03-25 17:09:46] [INFO] Backed up posts to: data/visible_posts_iter_1.json
[2026-03-25 17:09:46] [INFO] Need more posts. Scrolling down...
[2026-03-25 17:09:59] [ERROR] FAILED at lookup_post_action_refs.js (exit code: 1)
[2026-03-25 17:09:59] [WARN] Warning: lookup_post_action_refs failed, continuing...
[2026-03-25 17:09:59] [WARN] Scroll may have failed, continuing...
[2026-03-25 17:10:00] [INFO] [Phase 4/5] Parsing snapshots...
[2026-03-25 17:10:01] [INFO] Wrote 6 posts -> data\visible_posts.json
[2026-03-25 17:10:01] [INFO] [Phase 5/5] Merging posts with action refs...
[2026-03-25 17:10:01] [INFO] Starting merge at 2026-03-25T17:10:01.184361
[2026-03-25 17:10:01] [INFO] Loaded: 0 DOM posts, 6 snapshot posts
[2026-03-25 17:10:01] [INFO] {
[2026-03-25 17:10:01] [INFO]   "all_fields_present": 6,
[2026-03-25 17:10:01] [INFO]   "missing_author": 0,
[2026-03-25 17:10:01] [INFO]   "missing_time": 0,
[2026-03-25 17:10:01] [INFO]   "missing_text": 0,
[2026-03-25 17:10:01] [INFO]   "missing_refs": 0,
[2026-03-25 17:10:01] [INFO]   "low_confidence": 0
[2026-03-25 17:10:01] [INFO] }
[2026-03-25 17:10:01] [INFO] Saved to: data\processed\merged_posts.json
[2026-03-25 17:10:01] [INFO] Posts collected in this iteration: 6
[2026-03-25 17:10:01] [INFO] Total posts so far: 6 / 10
[2026-03-25 17:10:01] [INFO] Backed up posts to: data/visible_posts_iter_20.json
[2026-03-25 17:10:01] [INFO] 
[2026-03-25 17:10:01] [INFO] ========== Collection Complete ==========
[2026-03-25 17:10:01] [INFO] Total iterations: 20
[2026-03-25 17:10:01] [INFO] Total posts collected: 6
[2026-03-25 17:10:01] [INFO] ========== Merging posts from all iterations ==========
[2026-03-25 17:10:01] [INFO] Added 6 posts from iteration 1
[2026-03-25 17:10:01] [INFO] Added 6 posts from iteration 2
[2026-03-25 17:10:01] [INFO] Added 6 posts from iteration 3
[2026-03-25 17:10:01] [INFO] Added 6 posts from iteration 4
[2026-03-25 17:10:01] [INFO] Added 6 posts from iteration 5
[2026-03-25 17:10:01] [INFO] Added 6 posts from iteration 6
[2026-03-25 17:10:01] [INFO] Added 6 posts from iteration 7
[2026-03-25 17:10:01] [INFO] Added 6 posts from iteration 8
[2026-03-25 17:10:01] [INFO] Added 6 posts from iteration 9
[2026-03-25 17:10:01] [INFO] Added 6 posts from iteration 10
[2026-03-25 17:10:01] [INFO] Added 6 posts from iteration 11
[2026-03-25 17:10:01] [INFO] Added 6 posts from iteration 12
[2026-03-25 17:10:01] [INFO] Added 6 posts from iteration 13
[2026-03-25 17:10:01] [INFO] Added 6 posts from iteration 14
[2026-03-25 17:10:01] [INFO] Added 6 posts from iteration 15
[2026-03-25 17:10:01] [INFO] Added 6 posts from iteration 16
[2026-03-25 17:10:01] [INFO] Added 6 posts from iteration 17
[2026-03-25 17:10:01] [INFO] Added 6 posts from iteration 18
[2026-03-25 17:10:01] [INFO] Added 6 posts from iteration 19
[2026-03-25 17:10:01] [INFO] Added 6 posts from iteration 20
[2026-03-25 17:10:01] [INFO] Total posts before dedup: 120
[2026-03-25 17:10:01] [INFO] Running dedup_posts.py...
[2026-03-25 17:10:01] [INFO] 
[2026-03-25 17:10:01] [INFO] ========== ITERATION 2 ==========
[2026-03-25 17:10:01] [INFO] [Phase 1/5] Expanding visible posts...
[2026-03-25 17:10:02] [INFO] Error loading data/temp_all_posts.json: Unexpected UTF-8 BOM (decode using utf-8-sig): line 1 column 1 (char 0)
Loaded 0 posts from data/temp_all_posts.json
{
  "timestamp": "2026-03-25T17:10:01.987975",
  "input_file": "data/temp_all_posts.json",
  "output_file": "data/posts_collection.json",
  "target_count": 10,
  "total_loaded": 0,
  "after_dedup": 0,
  "final_count": 0,
  "posts": [],
  "status": "warning",
  "error": "No posts loaded"
}

[2026-03-25 17:10:02] [WARN] Warning: dedup_posts.py returned exit code 1
[2026-03-25 17:10:02] [INFO] Final result saved to: data/posts_collection.json
[2026-03-25 17:10:02] [INFO] 
[2026-03-25 17:10:02] [INFO] ========== Summary ==========
[2026-03-25 17:10:02] [INFO] Status: Success
[2026-03-25 17:10:02] [INFO] Target count: 10
[2026-03-25 17:10:02] [INFO] Actual collected: 6
[2026-03-25 17:10:02] [INFO] Iterations: 20 / 20
[2026-03-25 17:10:02] [INFO] Output files:
[2026-03-25 17:10:02] [INFO]   - data/visible_posts.json (latest iteration)
[2026-03-25 17:10:02] [INFO]   - data/posts_collection.json (final merged & deduped)
[2026-03-25 17:10:02] [WARN] Note: Reached max iterations limit without collecting enough posts
[2026-03-25 17:10:02] [INFO] Total duration: 682.1573424 seconds
[2026-03-25 17:10:15] [ERROR] FAILED at expand_visible_posts.js (exit code: 1)
[2026-03-25 17:10:15] [WARN] Warning: expand_visible_posts failed, continuing...
[2026-03-25 17:10:16] [INFO] [Phase 2/5] Extracting posts from DOM...
[2026-03-25 17:10:23] [ERROR] FAILED at extract_visible_posts.js (exit code: 1)
[2026-03-25 17:10:23] [WARN] Warning: extract_visible_posts failed, continuing...
[2026-03-25 17:10:24] [INFO] [Phase 3/5] Looking up action references...
[2026-03-25 17:10:31] [ERROR] FAILED at lookup_post_action_refs.js (exit code: 1)
[2026-03-25 17:10:31] [WARN] Warning: lookup_post_action_refs failed, continuing...
[2026-03-25 17:10:32] [INFO] [Phase 4/5] Parsing snapshots...
[2026-03-25 17:10:32] [INFO] Wrote 6 posts -> data\visible_posts.json
[2026-03-25 17:10:32] [INFO] [Phase 5/5] Merging posts with action refs...
[2026-03-25 17:10:33] [INFO] Starting merge at 2026-03-25T17:10:33.002348
[2026-03-25 17:10:33] [INFO] Loaded: 0 DOM posts, 6 snapshot posts
[2026-03-25 17:10:33] [INFO] {
[2026-03-25 17:10:33] [INFO]   "all_fields_present": 6,
[2026-03-25 17:10:33] [INFO]   "missing_author": 0,
[2026-03-25 17:10:33] [INFO]   "missing_time": 0,
[2026-03-25 17:10:33] [INFO]   "missing_text": 0,
[2026-03-25 17:10:33] [INFO]   "missing_refs": 0,
[2026-03-25 17:10:33] [INFO]   "low_confidence": 0
[2026-03-25 17:10:33] [INFO] }
[2026-03-25 17:10:33] [INFO] Saved to: data\processed\merged_posts.json
[2026-03-25 17:10:33] [INFO] Posts collected in this iteration: 6
[2026-03-25 17:10:33] [INFO] Total posts so far: 6 / 10
[2026-03-25 17:10:33] [INFO] Backed up posts to: data/visible_posts_iter_2.json
[2026-03-25 17:10:33] [INFO] Need more posts. Scrolling down...
[2026-03-25 17:10:38] [WARN] Scroll may have failed, continuing...
[2026-03-25 17:10:41] [INFO] 
[2026-03-25 17:10:41] [INFO] ========== ITERATION 3 ==========
[2026-03-25 17:10:41] [INFO] [Phase 1/5] Expanding visible posts...
[2026-03-25 17:10:47] [ERROR] FAILED at expand_visible_posts.js (exit code: 1)
[2026-03-25 17:10:47] [WARN] Warning: expand_visible_posts failed, continuing...
[2026-03-25 17:10:48] [INFO] [Phase 2/5] Extracting posts from DOM...
[2026-03-25 17:10:53] [ERROR] FAILED at extract_visible_posts.js (exit code: 1)
[2026-03-25 17:10:53] [WARN] Warning: extract_visible_posts failed, continuing...
[2026-03-25 17:10:54] [INFO] [Phase 3/5] Looking up action references...
[2026-03-25 17:11:02] [ERROR] FAILED at lookup_post_action_refs.js (exit code: 1)
[2026-03-25 17:11:02] [WARN] Warning: lookup_post_action_refs failed, continuing...
[2026-03-25 17:11:03] [INFO] [Phase 4/5] Parsing snapshots...
[2026-03-25 17:11:04] [INFO] Wrote 6 posts -> data\visible_posts.json
[2026-03-25 17:11:04] [INFO] [Phase 5/5] Merging posts with action refs...
[2026-03-25 17:11:04] [INFO] Starting merge at 2026-03-25T17:11:04.496687
[2026-03-25 17:11:04] [INFO] Loaded: 0 DOM posts, 6 snapshot posts
[2026-03-25 17:11:04] [INFO] {
[2026-03-25 17:11:04] [INFO]   "all_fields_present": 6,
[2026-03-25 17:11:04] [INFO]   "missing_author": 0,
[2026-03-25 17:11:04] [INFO]   "missing_time": 0,
[2026-03-25 17:11:04] [INFO]   "missing_text": 0,
[2026-03-25 17:11:04] [INFO]   "missing_refs": 0,
[2026-03-25 17:11:04] [INFO]   "low_confidence": 0
[2026-03-25 17:11:04] [INFO] }
[2026-03-25 17:11:04] [INFO] Saved to: data\processed\merged_posts.json
[2026-03-25 17:11:04] [INFO] Posts collected in this iteration: 6
[2026-03-25 17:11:04] [INFO] Total posts so far: 6 / 10
[2026-03-25 17:11:04] [INFO] Backed up posts to: data/visible_posts_iter_3.json
[2026-03-25 17:11:04] [INFO] Need more posts. Scrolling down...
[2026-03-25 17:11:18] [WARN] Scroll may have failed, continuing...
[2026-03-25 17:11:20] [INFO] 
[2026-03-25 17:11:20] [INFO] ========== ITERATION 4 ==========
[2026-03-25 17:11:20] [INFO] [Phase 1/5] Expanding visible posts...
[2026-03-25 17:11:26] [ERROR] FAILED at expand_visible_posts.js (exit code: 1)
[2026-03-25 17:11:26] [WARN] Warning: expand_visible_posts failed, continuing...
[2026-03-25 17:11:27] [INFO] [Phase 2/5] Extracting posts from DOM...
[2026-03-25 17:11:32] [ERROR] FAILED at extract_visible_posts.js (exit code: 1)
[2026-03-25 17:11:32] [WARN] Warning: extract_visible_posts failed, continuing...
[2026-03-25 17:11:33] [INFO] [Phase 3/5] Looking up action references...
[2026-03-25 17:11:38] [ERROR] FAILED at lookup_post_action_refs.js (exit code: 1)
[2026-03-25 17:11:39] [WARN] Warning: lookup_post_action_refs failed, continuing...
[2026-03-25 17:11:40] [INFO] [Phase 4/5] Parsing snapshots...
[2026-03-25 17:11:40] [INFO] Wrote 6 posts -> data\visible_posts.json
[2026-03-25 17:11:40] [INFO] [Phase 5/5] Merging posts with action refs...
[2026-03-25 17:11:40] [INFO] Starting merge at 2026-03-25T17:11:40.291042
[2026-03-25 17:11:40] [INFO] Loaded: 0 DOM posts, 6 snapshot posts
[2026-03-25 17:11:40] [INFO] {
[2026-03-25 17:11:40] [INFO]   "all_fields_present": 6,
[2026-03-25 17:11:40] [INFO]   "missing_author": 0,
[2026-03-25 17:11:40] [INFO]   "missing_time": 0,
[2026-03-25 17:11:40] [INFO]   "missing_text": 0,
[2026-03-25 17:11:40] [INFO]   "missing_refs": 0,
[2026-03-25 17:11:40] [INFO]   "low_confidence": 0
[2026-03-25 17:11:40] [INFO] }
[2026-03-25 17:11:40] [INFO] Saved to: data\processed\merged_posts.json
[2026-03-25 17:11:40] [INFO] Posts collected in this iteration: 6
[2026-03-25 17:11:40] [INFO] Total posts so far: 6 / 10
[2026-03-25 17:11:40] [INFO] Backed up posts to: data/visible_posts_iter_4.json
[2026-03-25 17:11:40] [INFO] Need more posts. Scrolling down...
[2026-03-25 17:11:49] [WARN] Scroll may have failed, continuing...
[2026-03-25 17:11:52] [INFO] 
[2026-03-25 17:11:52] [INFO] ========== ITERATION 5 ==========
[2026-03-25 17:11:52] [INFO] [Phase 1/5] Expanding visible posts...
[2026-03-25 17:12:12] [ERROR] FAILED at expand_visible_posts.js (exit code: 1)
[2026-03-25 17:12:12] [WARN] Warning: expand_visible_posts failed, continuing...
[2026-03-25 17:12:13] [INFO] [Phase 2/5] Extracting posts from DOM...
[2026-03-25 17:12:29] [ERROR] FAILED at extract_visible_posts.js (exit code: 1)
[2026-03-25 17:12:29] [WARN] Warning: extract_visible_posts failed, continuing...
[2026-03-25 17:12:30] [INFO] [Phase 3/5] Looking up action references...
[2026-03-25 17:12:37] [ERROR] FAILED at lookup_post_action_refs.js (exit code: 1)
[2026-03-25 17:12:37] [WARN] Warning: lookup_post_action_refs failed, continuing...
[2026-03-25 17:12:38] [INFO] [Phase 4/5] Parsing snapshots...
[2026-03-25 17:12:38] [INFO] Wrote 6 posts -> data\visible_posts.json
[2026-03-25 17:12:38] [INFO] [Phase 5/5] Merging posts with action refs...
[2026-03-25 17:12:38] [INFO] Starting merge at 2026-03-25T17:12:38.670606
[2026-03-25 17:12:38] [INFO] Loaded: 0 DOM posts, 6 snapshot posts
[2026-03-25 17:12:38] [INFO] {
[2026-03-25 17:12:38] [INFO]   "all_fields_present": 6,
[2026-03-25 17:12:38] [INFO]   "missing_author": 0,
[2026-03-25 17:12:38] [INFO]   "missing_time": 0,
[2026-03-25 17:12:38] [INFO]   "missing_text": 0,
[2026-03-25 17:12:38] [INFO]   "missing_refs": 0,
[2026-03-25 17:12:38] [INFO]   "low_confidence": 0
[2026-03-25 17:12:38] [INFO] }
[2026-03-25 17:12:38] [INFO] Saved to: data\processed\merged_posts.json
[2026-03-25 17:12:38] [INFO] Posts collected in this iteration: 6
[2026-03-25 17:12:38] [INFO] Total posts so far: 6 / 10
[2026-03-25 17:12:38] [INFO] Backed up posts to: data/visible_posts_iter_5.json
[2026-03-25 17:12:38] [INFO] Need more posts. Scrolling down...
[2026-03-25 17:12:45] [WARN] Scroll may have failed, continuing...
[2026-03-25 17:12:47] [INFO] 
[2026-03-25 17:12:47] [INFO] ========== ITERATION 6 ==========
[2026-03-25 17:12:47] [INFO] [Phase 1/5] Expanding visible posts...
[2026-03-25 17:12:55] [ERROR] FAILED at expand_visible_posts.js (exit code: 1)
[2026-03-25 17:12:55] [WARN] Warning: expand_visible_posts failed, continuing...
[2026-03-25 17:12:56] [INFO] [Phase 2/5] Extracting posts from DOM...
[2026-03-25 17:13:04] [ERROR] FAILED at extract_visible_posts.js (exit code: 1)
[2026-03-25 17:13:04] [WARN] Warning: extract_visible_posts failed, continuing...
[2026-03-25 17:13:05] [INFO] [Phase 3/5] Looking up action references...
[2026-03-25 17:13:13] [ERROR] FAILED at lookup_post_action_refs.js (exit code: 1)
[2026-03-25 17:13:13] [WARN] Warning: lookup_post_action_refs failed, continuing...
[2026-03-25 17:13:14] [INFO] [Phase 4/5] Parsing snapshots...
[2026-03-25 17:13:14] [INFO] Wrote 6 posts -> data\visible_posts.json
[2026-03-25 17:13:14] [INFO] [Phase 5/5] Merging posts with action refs...
[2026-03-25 17:13:14] [INFO] Starting merge at 2026-03-25T17:13:14.405446
[2026-03-25 17:13:14] [INFO] Loaded: 0 DOM posts, 6 snapshot posts
[2026-03-25 17:13:14] [INFO] {
[2026-03-25 17:13:14] [INFO]   "all_fields_present": 6,
[2026-03-25 17:13:14] [INFO]   "missing_author": 0,
[2026-03-25 17:13:14] [INFO]   "missing_time": 0,
[2026-03-25 17:13:14] [INFO]   "missing_text": 0,
[2026-03-25 17:13:14] [INFO]   "missing_refs": 0,
[2026-03-25 17:13:14] [INFO]   "low_confidence": 0
[2026-03-25 17:13:14] [INFO] }
[2026-03-25 17:13:14] [INFO] Saved to: data\processed\merged_posts.json
[2026-03-25 17:13:14] [INFO] Posts collected in this iteration: 6
[2026-03-25 17:13:14] [INFO] Total posts so far: 6 / 10
[2026-03-25 17:13:14] [INFO] Backed up posts to: data/visible_posts_iter_6.json
[2026-03-25 17:13:14] [INFO] Need more posts. Scrolling down...
[2026-03-25 17:13:22] [WARN] Scroll may have failed, continuing...
[2026-03-25 17:13:24] [INFO] 
[2026-03-25 17:13:24] [INFO] ========== ITERATION 7 ==========
[2026-03-25 17:13:24] [INFO] [Phase 1/5] Expanding visible posts...
[2026-03-25 17:13:44] [ERROR] FAILED at expand_visible_posts.js (exit code: 1)
[2026-03-25 17:13:44] [WARN] Warning: expand_visible_posts failed, continuing...
[2026-03-25 17:13:45] [INFO] [Phase 2/5] Extracting posts from DOM...
[2026-03-25 17:14:00] [ERROR] FAILED at extract_visible_posts.js (exit code: 1)
[2026-03-25 17:14:00] [WARN] Warning: extract_visible_posts failed, continuing...
[2026-03-25 17:14:01] [INFO] [Phase 3/5] Looking up action references...
[2026-03-25 17:14:11] [ERROR] FAILED at lookup_post_action_refs.js (exit code: 1)
[2026-03-25 17:14:11] [WARN] Warning: lookup_post_action_refs failed, continuing...
[2026-03-25 17:14:12] [INFO] [Phase 4/5] Parsing snapshots...
[2026-03-25 17:14:12] [INFO] Wrote 6 posts -> data\visible_posts.json
[2026-03-25 17:14:12] [INFO] [Phase 5/5] Merging posts with action refs...
[2026-03-25 17:14:13] [INFO] Starting merge at 2026-03-25T17:14:13.087034
[2026-03-25 17:14:13] [INFO] Loaded: 0 DOM posts, 6 snapshot posts
[2026-03-25 17:14:13] [INFO] {
[2026-03-25 17:14:13] [INFO]   "all_fields_present": 6,
[2026-03-25 17:14:13] [INFO]   "missing_author": 0,
[2026-03-25 17:14:13] [INFO]   "missing_time": 0,
[2026-03-25 17:14:13] [INFO]   "missing_text": 0,
[2026-03-25 17:14:13] [INFO]   "missing_refs": 0,
[2026-03-25 17:14:13] [INFO]   "low_confidence": 0
[2026-03-25 17:14:13] [INFO] }
[2026-03-25 17:14:13] [INFO] Saved to: data\processed\merged_posts.json
[2026-03-25 17:14:13] [INFO] Posts collected in this iteration: 6
[2026-03-25 17:14:13] [INFO] Total posts so far: 6 / 10
[2026-03-25 17:14:13] [INFO] Backed up posts to: data/visible_posts_iter_7.json
[2026-03-25 17:14:13] [INFO] Need more posts. Scrolling down...
[2026-03-25 17:14:19] [WARN] Scroll may have failed, continuing...
[2026-03-25 17:14:21] [INFO] 
[2026-03-25 17:14:21] [INFO] ========== ITERATION 8 ==========
[2026-03-25 17:14:21] [INFO] [Phase 1/5] Expanding visible posts...
[2026-03-25 17:14:27] [ERROR] FAILED at expand_visible_posts.js (exit code: 1)
[2026-03-25 17:14:27] [WARN] Warning: expand_visible_posts failed, continuing...
[2026-03-25 17:14:28] [INFO] [Phase 2/5] Extracting posts from DOM...
[2026-03-25 17:14:34] [ERROR] FAILED at extract_visible_posts.js (exit code: 1)
[2026-03-25 17:14:34] [WARN] Warning: extract_visible_posts failed, continuing...
[2026-03-25 17:14:35] [INFO] [Phase 3/5] Looking up action references...
[2026-03-25 17:14:46] [ERROR] FAILED at lookup_post_action_refs.js (exit code: 1)
[2026-03-25 17:14:46] [WARN] Warning: lookup_post_action_refs failed, continuing...
[2026-03-25 17:14:47] [INFO] [Phase 4/5] Parsing snapshots...
[2026-03-25 17:14:47] [INFO] Wrote 6 posts -> data\visible_posts.json
[2026-03-25 17:14:47] [INFO] [Phase 5/5] Merging posts with action refs...
[2026-03-25 17:14:47] [INFO] Starting merge at 2026-03-25T17:14:47.428809
[2026-03-25 17:14:47] [INFO] Loaded: 0 DOM posts, 6 snapshot posts
[2026-03-25 17:14:47] [INFO] {
[2026-03-25 17:14:47] [INFO]   "all_fields_present": 6,
[2026-03-25 17:14:47] [INFO]   "missing_author": 0,
[2026-03-25 17:14:47] [INFO]   "missing_time": 0,
[2026-03-25 17:14:47] [INFO]   "missing_text": 0,
[2026-03-25 17:14:47] [INFO]   "missing_refs": 0,
[2026-03-25 17:14:47] [INFO]   "low_confidence": 0
[2026-03-25 17:14:47] [INFO] }
[2026-03-25 17:14:47] [INFO] Saved to: data\processed\merged_posts.json
[2026-03-25 17:14:47] [INFO] Posts collected in this iteration: 6
[2026-03-25 17:14:47] [INFO] Total posts so far: 6 / 10
[2026-03-25 17:14:47] [INFO] Backed up posts to: data/visible_posts_iter_8.json
[2026-03-25 17:14:47] [INFO] Need more posts. Scrolling down...
[2026-03-25 17:14:52] [WARN] Scroll may have failed, continuing...
[2026-03-25 17:14:54] [INFO] 
[2026-03-25 17:14:54] [INFO] ========== ITERATION 9 ==========
[2026-03-25 17:14:54] [INFO] [Phase 1/5] Expanding visible posts...
[2026-03-25 17:15:01] [ERROR] FAILED at expand_visible_posts.js (exit code: 1)
[2026-03-25 17:15:01] [WARN] Warning: expand_visible_posts failed, continuing...
[2026-03-25 17:15:02] [INFO] [Phase 2/5] Extracting posts from DOM...
[2026-03-25 17:15:08] [ERROR] FAILED at extract_visible_posts.js (exit code: 1)
[2026-03-25 17:15:08] [WARN] Warning: extract_visible_posts failed, continuing...
[2026-03-25 17:15:09] [INFO] [Phase 3/5] Looking up action references...
[2026-03-25 17:15:15] [ERROR] FAILED at lookup_post_action_refs.js (exit code: 1)
[2026-03-25 17:15:15] [WARN] Warning: lookup_post_action_refs failed, continuing...
[2026-03-25 17:15:16] [INFO] [Phase 4/5] Parsing snapshots...
[2026-03-25 17:15:16] [INFO] Wrote 6 posts -> data\visible_posts.json
[2026-03-25 17:15:16] [INFO] [Phase 5/5] Merging posts with action refs...
[2026-03-25 17:15:16] [INFO] Starting merge at 2026-03-25T17:15:16.333904
[2026-03-25 17:15:16] [INFO] Loaded: 0 DOM posts, 6 snapshot posts
[2026-03-25 17:15:16] [INFO] {
[2026-03-25 17:15:16] [INFO]   "all_fields_present": 6,
[2026-03-25 17:15:16] [INFO]   "missing_author": 0,
[2026-03-25 17:15:16] [INFO]   "missing_time": 0,
[2026-03-25 17:15:16] [INFO]   "missing_text": 0,
[2026-03-25 17:15:16] [INFO]   "missing_refs": 0,
[2026-03-25 17:15:16] [INFO]   "low_confidence": 0
[2026-03-25 17:15:16] [INFO] }
[2026-03-25 17:15:16] [INFO] Saved to: data\processed\merged_posts.json
[2026-03-25 17:15:16] [INFO] Posts collected in this iteration: 6
[2026-03-25 17:15:16] [INFO] Total posts so far: 6 / 10
[2026-03-25 17:15:16] [INFO] Backed up posts to: data/visible_posts_iter_9.json
[2026-03-25 17:15:16] [INFO] Need more posts. Scrolling down...
[2026-03-25 17:15:21] [WARN] Scroll may have failed, continuing...
[2026-03-25 17:15:23] [INFO] 
[2026-03-25 17:15:23] [INFO] ========== ITERATION 10 ==========
[2026-03-25 17:15:23] [INFO] [Phase 1/5] Expanding visible posts...
[2026-03-25 17:15:29] [ERROR] FAILED at expand_visible_posts.js (exit code: 1)
[2026-03-25 17:15:29] [WARN] Warning: expand_visible_posts failed, continuing...
[2026-03-25 17:15:30] [INFO] [Phase 2/5] Extracting posts from DOM...
[2026-03-25 17:15:38] [ERROR] FAILED at extract_visible_posts.js (exit code: 1)
[2026-03-25 17:15:38] [WARN] Warning: extract_visible_posts failed, continuing...
[2026-03-25 17:15:39] [INFO] [Phase 3/5] Looking up action references...
[2026-03-25 17:15:47] [ERROR] FAILED at lookup_post_action_refs.js (exit code: 1)
[2026-03-25 17:15:47] [WARN] Warning: lookup_post_action_refs failed, continuing...
[2026-03-25 17:15:48] [INFO] [Phase 4/5] Parsing snapshots...
[2026-03-25 17:15:48] [INFO] Wrote 6 posts -> data\visible_posts.json
[2026-03-25 17:15:48] [INFO] [Phase 5/5] Merging posts with action refs...
[2026-03-25 17:15:48] [INFO] Starting merge at 2026-03-25T17:15:48.720861
[2026-03-25 17:15:48] [INFO] Loaded: 0 DOM posts, 6 snapshot posts
[2026-03-25 17:15:48] [INFO] {
[2026-03-25 17:15:48] [INFO]   "all_fields_present": 6,
[2026-03-25 17:15:48] [INFO]   "missing_author": 0,
[2026-03-25 17:15:48] [INFO]   "missing_time": 0,
[2026-03-25 17:15:48] [INFO]   "missing_text": 0,
[2026-03-25 17:15:48] [INFO]   "missing_refs": 0,
[2026-03-25 17:15:48] [INFO]   "low_confidence": 0
[2026-03-25 17:15:48] [INFO] }
[2026-03-25 17:15:48] [INFO] Saved to: data\processed\merged_posts.json
[2026-03-25 17:15:48] [INFO] Posts collected in this iteration: 6
[2026-03-25 17:15:48] [INFO] Total posts so far: 6 / 10
[2026-03-25 17:15:48] [INFO] Backed up posts to: data/visible_posts_iter_10.json
[2026-03-25 17:15:48] [INFO] Need more posts. Scrolling down...
[2026-03-25 17:15:54] [WARN] Scroll may have failed, continuing...
[2026-03-25 17:15:56] [INFO] 
[2026-03-25 17:15:56] [INFO] ========== ITERATION 11 ==========
[2026-03-25 17:15:56] [INFO] [Phase 1/5] Expanding visible posts...
[2026-03-25 17:16:01] [ERROR] FAILED at expand_visible_posts.js (exit code: 1)
[2026-03-25 17:16:01] [WARN] Warning: expand_visible_posts failed, continuing...
[2026-03-25 17:16:02] [INFO] [Phase 2/5] Extracting posts from DOM...
[2026-03-25 17:16:08] [ERROR] FAILED at extract_visible_posts.js (exit code: 1)
[2026-03-25 17:16:08] [WARN] Warning: extract_visible_posts failed, continuing...
[2026-03-25 17:16:09] [INFO] [Phase 3/5] Looking up action references...
[2026-03-25 17:16:14] [ERROR] FAILED at lookup_post_action_refs.js (exit code: 1)
[2026-03-25 17:16:14] [WARN] Warning: lookup_post_action_refs failed, continuing...
[2026-03-25 17:16:15] [INFO] [Phase 4/5] Parsing snapshots...
[2026-03-25 17:16:15] [INFO] Wrote 6 posts -> data\visible_posts.json
[2026-03-25 17:16:15] [INFO] [Phase 5/5] Merging posts with action refs...
[2026-03-25 17:16:15] [INFO] Starting merge at 2026-03-25T17:16:15.483230
[2026-03-25 17:16:15] [INFO] Loaded: 0 DOM posts, 6 snapshot posts
[2026-03-25 17:16:15] [INFO] {
[2026-03-25 17:16:15] [INFO]   "all_fields_present": 6,
[2026-03-25 17:16:15] [INFO]   "missing_author": 0,
[2026-03-25 17:16:15] [INFO]   "missing_time": 0,
[2026-03-25 17:16:15] [INFO]   "missing_text": 0,
[2026-03-25 17:16:15] [INFO]   "missing_refs": 0,
[2026-03-25 17:16:15] [INFO]   "low_confidence": 0
[2026-03-25 17:16:15] [INFO] }
[2026-03-25 17:16:15] [INFO] Saved to: data\processed\merged_posts.json
[2026-03-25 17:16:15] [INFO] Posts collected in this iteration: 6
[2026-03-25 17:16:15] [INFO] Total posts so far: 6 / 10
[2026-03-25 17:16:15] [INFO] Backed up posts to: data/visible_posts_iter_11.json
[2026-03-25 17:16:15] [INFO] Need more posts. Scrolling down...
[2026-03-25 17:16:21] [WARN] Scroll may have failed, continuing...
[2026-03-25 17:16:23] [INFO] 
[2026-03-25 17:16:23] [INFO] ========== ITERATION 12 ==========
[2026-03-25 17:16:23] [INFO] [Phase 1/5] Expanding visible posts...
[2026-03-25 17:16:28] [ERROR] FAILED at expand_visible_posts.js (exit code: 1)
[2026-03-25 17:16:28] [WARN] Warning: expand_visible_posts failed, continuing...
[2026-03-25 17:16:29] [INFO] [Phase 2/5] Extracting posts from DOM...
[2026-03-25 17:16:34] [ERROR] FAILED at extract_visible_posts.js (exit code: 1)
[2026-03-25 17:16:34] [WARN] Warning: extract_visible_posts failed, continuing...
[2026-03-25 17:16:35] [INFO] [Phase 3/5] Looking up action references...
[2026-03-25 17:16:40] [ERROR] FAILED at lookup_post_action_refs.js (exit code: 1)
[2026-03-25 17:16:40] [WARN] Warning: lookup_post_action_refs failed, continuing...
[2026-03-25 17:16:41] [INFO] [Phase 4/5] Parsing snapshots...
[2026-03-25 17:16:41] [INFO] Wrote 6 posts -> data\visible_posts.json
[2026-03-25 17:16:41] [INFO] [Phase 5/5] Merging posts with action refs...
[2026-03-25 17:16:41] [INFO] Starting merge at 2026-03-25T17:16:41.644282
[2026-03-25 17:16:41] [INFO] Loaded: 0 DOM posts, 6 snapshot posts
[2026-03-25 17:16:41] [INFO] {
[2026-03-25 17:16:41] [INFO]   "all_fields_present": 6,
[2026-03-25 17:16:41] [INFO]   "missing_author": 0,
[2026-03-25 17:16:41] [INFO]   "missing_time": 0,
[2026-03-25 17:16:41] [INFO]   "missing_text": 0,
[2026-03-25 17:16:41] [INFO]   "missing_refs": 0,
[2026-03-25 17:16:41] [INFO]   "low_confidence": 0
[2026-03-25 17:16:41] [INFO] }
[2026-03-25 17:16:41] [INFO] Saved to: data\processed\merged_posts.json
[2026-03-25 17:16:41] [INFO] Posts collected in this iteration: 6
[2026-03-25 17:16:41] [INFO] Total posts so far: 6 / 10
[2026-03-25 17:16:41] [INFO] Backed up posts to: data/visible_posts_iter_12.json
[2026-03-25 17:16:41] [INFO] Need more posts. Scrolling down...
[2026-03-25 17:16:47] [WARN] Scroll may have failed, continuing...
[2026-03-25 17:16:49] [INFO] 
[2026-03-25 17:16:49] [INFO] ========== ITERATION 13 ==========
[2026-03-25 17:16:49] [INFO] [Phase 1/5] Expanding visible posts...
[2026-03-25 17:16:55] [ERROR] FAILED at expand_visible_posts.js (exit code: 1)
[2026-03-25 17:16:55] [WARN] Warning: expand_visible_posts failed, continuing...
[2026-03-25 17:16:56] [INFO] [Phase 2/5] Extracting posts from DOM...
[2026-03-25 17:17:01] [ERROR] FAILED at extract_visible_posts.js (exit code: 1)
[2026-03-25 17:17:01] [WARN] Warning: extract_visible_posts failed, continuing...
[2026-03-25 17:17:02] [INFO] [Phase 3/5] Looking up action references...
[2026-03-25 17:17:09] [ERROR] FAILED at lookup_post_action_refs.js (exit code: 1)
[2026-03-25 17:17:09] [WARN] Warning: lookup_post_action_refs failed, continuing...
[2026-03-25 17:17:10] [INFO] [Phase 4/5] Parsing snapshots...
[2026-03-25 17:17:10] [INFO] Wrote 6 posts -> data\visible_posts.json
[2026-03-25 17:17:10] [INFO] [Phase 5/5] Merging posts with action refs...
[2026-03-25 17:17:10] [INFO] Starting merge at 2026-03-25T17:17:10.628817
[2026-03-25 17:17:10] [INFO] Loaded: 0 DOM posts, 6 snapshot posts
[2026-03-25 17:17:10] [INFO] {
[2026-03-25 17:17:10] [INFO]   "all_fields_present": 6,
[2026-03-25 17:17:10] [INFO]   "missing_author": 0,
[2026-03-25 17:17:10] [INFO]   "missing_time": 0,
[2026-03-25 17:17:10] [INFO]   "missing_text": 0,
[2026-03-25 17:17:10] [INFO]   "missing_refs": 0,
[2026-03-25 17:17:10] [INFO]   "low_confidence": 0
[2026-03-25 17:17:10] [INFO] }
[2026-03-25 17:17:10] [INFO] Saved to: data\processed\merged_posts.json
[2026-03-25 17:17:10] [INFO] Posts collected in this iteration: 6
[2026-03-25 17:17:10] [INFO] Total posts so far: 6 / 10
[2026-03-25 17:17:10] [INFO] Backed up posts to: data/visible_posts_iter_13.json
[2026-03-25 17:17:10] [INFO] Need more posts. Scrolling down...
[2026-03-25 17:17:29] [WARN] Scroll may have failed, continuing...
[2026-03-25 17:17:31] [INFO] 
[2026-03-25 17:17:31] [INFO] ========== ITERATION 14 ==========
[2026-03-25 17:17:31] [INFO] [Phase 1/5] Expanding visible posts...
[2026-03-25 17:17:44] [ERROR] FAILED at expand_visible_posts.js (exit code: 1)
[2026-03-25 17:17:44] [WARN] Warning: expand_visible_posts failed, continuing...
[2026-03-25 17:17:45] [INFO] [Phase 2/5] Extracting posts from DOM...
[2026-03-25 17:17:51] [ERROR] FAILED at extract_visible_posts.js (exit code: 1)
[2026-03-25 17:17:51] [WARN] Warning: extract_visible_posts failed, continuing...
[2026-03-25 17:17:52] [INFO] [Phase 3/5] Looking up action references...
[2026-03-25 17:17:58] [ERROR] FAILED at lookup_post_action_refs.js (exit code: 1)
[2026-03-25 17:17:58] [WARN] Warning: lookup_post_action_refs failed, continuing...
[2026-03-25 17:17:59] [INFO] [Phase 4/5] Parsing snapshots...
[2026-03-25 17:17:59] [INFO] Wrote 6 posts -> data\visible_posts.json
[2026-03-25 17:17:59] [INFO] [Phase 5/5] Merging posts with action refs...
[2026-03-25 17:17:59] [INFO] Starting merge at 2026-03-25T17:17:59.746772
[2026-03-25 17:17:59] [INFO] Loaded: 0 DOM posts, 6 snapshot posts
[2026-03-25 17:17:59] [INFO] {
[2026-03-25 17:17:59] [INFO]   "all_fields_present": 6,
[2026-03-25 17:17:59] [INFO]   "missing_author": 0,
[2026-03-25 17:17:59] [INFO]   "missing_time": 0,
[2026-03-25 17:17:59] [INFO]   "missing_text": 0,
[2026-03-25 17:17:59] [INFO]   "missing_refs": 0,
[2026-03-25 17:17:59] [INFO]   "low_confidence": 0
[2026-03-25 17:17:59] [INFO] }
[2026-03-25 17:17:59] [INFO] Saved to: data\processed\merged_posts.json
[2026-03-25 17:17:59] [INFO] Posts collected in this iteration: 6
[2026-03-25 17:17:59] [INFO] Total posts so far: 6 / 10
[2026-03-25 17:17:59] [INFO] Backed up posts to: data/visible_posts_iter_14.json
[2026-03-25 17:17:59] [INFO] Need more posts. Scrolling down...
[2026-03-25 17:18:05] [WARN] Scroll may have failed, continuing...
[2026-03-25 17:18:07] [INFO] 
[2026-03-25 17:18:07] [INFO] ========== ITERATION 15 ==========
[2026-03-25 17:18:07] [INFO] [Phase 1/5] Expanding visible posts...
[2026-03-25 17:18:13] [ERROR] FAILED at expand_visible_posts.js (exit code: 1)
[2026-03-25 17:18:13] [WARN] Warning: expand_visible_posts failed, continuing...
[2026-03-25 17:18:14] [INFO] [Phase 2/5] Extracting posts from DOM...
[2026-03-25 17:18:19] [ERROR] FAILED at extract_visible_posts.js (exit code: 1)
[2026-03-25 17:18:19] [WARN] Warning: extract_visible_posts failed, continuing...
[2026-03-25 17:18:20] [INFO] [Phase 3/5] Looking up action references...
[2026-03-25 17:18:25] [ERROR] FAILED at lookup_post_action_refs.js (exit code: 1)
[2026-03-25 17:18:25] [WARN] Warning: lookup_post_action_refs failed, continuing...
[2026-03-25 17:18:26] [INFO] [Phase 4/5] Parsing snapshots...
[2026-03-25 17:18:26] [INFO] Wrote 6 posts -> data\visible_posts.json
[2026-03-25 17:18:26] [INFO] [Phase 5/5] Merging posts with action refs...
[2026-03-25 17:18:27] [INFO] Starting merge at 2026-03-25T17:18:27.039459
[2026-03-25 17:18:27] [INFO] Loaded: 0 DOM posts, 6 snapshot posts
[2026-03-25 17:18:27] [INFO] {
[2026-03-25 17:18:27] [INFO]   "all_fields_present": 6,
[2026-03-25 17:18:27] [INFO]   "missing_author": 0,
[2026-03-25 17:18:27] [INFO]   "missing_time": 0,
[2026-03-25 17:18:27] [INFO]   "missing_text": 0,
[2026-03-25 17:18:27] [INFO]   "missing_refs": 0,
[2026-03-25 17:18:27] [INFO]   "low_confidence": 0
[2026-03-25 17:18:27] [INFO] }
[2026-03-25 17:18:27] [INFO] Saved to: data\processed\merged_posts.json
[2026-03-25 17:18:27] [INFO] Posts collected in this iteration: 6
[2026-03-25 17:18:27] [INFO] Total posts so far: 6 / 10
[2026-03-25 17:18:27] [INFO] Backed up posts to: data/visible_posts_iter_15.json
[2026-03-25 17:18:27] [INFO] Need more posts. Scrolling down...
[2026-03-25 17:18:32] [WARN] Scroll may have failed, continuing...
[2026-03-25 17:18:34] [INFO] 
[2026-03-25 17:18:34] [INFO] ========== ITERATION 16 ==========
[2026-03-25 17:18:34] [INFO] [Phase 1/5] Expanding visible posts...
[2026-03-25 17:18:39] [ERROR] FAILED at expand_visible_posts.js (exit code: 1)
[2026-03-25 17:18:39] [WARN] Warning: expand_visible_posts failed, continuing...
[2026-03-25 17:18:40] [INFO] [Phase 2/5] Extracting posts from DOM...
[2026-03-25 17:18:45] [ERROR] FAILED at extract_visible_posts.js (exit code: 1)
[2026-03-25 17:18:45] [WARN] Warning: extract_visible_posts failed, continuing...
[2026-03-25 17:18:46] [INFO] [Phase 3/5] Looking up action references...
[2026-03-25 17:18:52] [ERROR] FAILED at lookup_post_action_refs.js (exit code: 1)
[2026-03-25 17:18:52] [WARN] Warning: lookup_post_action_refs failed, continuing...
[2026-03-25 17:18:53] [INFO] [Phase 4/5] Parsing snapshots...
[2026-03-25 17:18:53] [INFO] Wrote 6 posts -> data\visible_posts.json
[2026-03-25 17:18:53] [INFO] [Phase 5/5] Merging posts with action refs...
[2026-03-25 17:18:53] [INFO] Starting merge at 2026-03-25T17:18:53.528652
[2026-03-25 17:18:53] [INFO] Loaded: 0 DOM posts, 6 snapshot posts
[2026-03-25 17:18:53] [INFO] {
[2026-03-25 17:18:53] [INFO]   "all_fields_present": 6,
[2026-03-25 17:18:53] [INFO]   "missing_author": 0,
[2026-03-25 17:18:53] [INFO]   "missing_time": 0,
[2026-03-25 17:18:53] [INFO]   "missing_text": 0,
[2026-03-25 17:18:53] [INFO]   "missing_refs": 0,
[2026-03-25 17:18:53] [INFO]   "low_confidence": 0
[2026-03-25 17:18:53] [INFO] }
[2026-03-25 17:18:53] [INFO] Saved to: data\processed\merged_posts.json
[2026-03-25 17:18:53] [INFO] Posts collected in this iteration: 6
[2026-03-25 17:18:53] [INFO] Total posts so far: 6 / 10
[2026-03-25 17:18:53] [INFO] Backed up posts to: data/visible_posts_iter_16.json
[2026-03-25 17:18:53] [INFO] Need more posts. Scrolling down...
[2026-03-25 17:18:59] [WARN] Scroll may have failed, continuing...
[2026-03-25 17:19:01] [INFO] 
[2026-03-25 17:19:01] [INFO] ========== ITERATION 17 ==========
[2026-03-25 17:19:01] [INFO] [Phase 1/5] Expanding visible posts...
[2026-03-25 17:19:07] [ERROR] FAILED at expand_visible_posts.js (exit code: 1)
[2026-03-25 17:19:07] [WARN] Warning: expand_visible_posts failed, continuing...
[2026-03-25 17:19:08] [INFO] [Phase 2/5] Extracting posts from DOM...
[2026-03-25 17:19:14] [ERROR] FAILED at extract_visible_posts.js (exit code: 1)
[2026-03-25 17:19:14] [WARN] Warning: extract_visible_posts failed, continuing...
[2026-03-25 17:19:15] [INFO] [Phase 3/5] Looking up action references...
[2026-03-25 17:19:26] [ERROR] FAILED at lookup_post_action_refs.js (exit code: 1)
[2026-03-25 17:19:26] [WARN] Warning: lookup_post_action_refs failed, continuing...
[2026-03-25 17:19:27] [INFO] [Phase 4/5] Parsing snapshots...
[2026-03-25 17:19:27] [INFO] Wrote 6 posts -> data\visible_posts.json
[2026-03-25 17:19:27] [INFO] [Phase 5/5] Merging posts with action refs...
[2026-03-25 17:19:27] [INFO] Starting merge at 2026-03-25T17:19:27.880548
[2026-03-25 17:19:27] [INFO] Loaded: 0 DOM posts, 6 snapshot posts
[2026-03-25 17:19:27] [INFO] {
[2026-03-25 17:19:27] [INFO]   "all_fields_present": 6,
[2026-03-25 17:19:27] [INFO]   "missing_author": 0,
[2026-03-25 17:19:27] [INFO]   "missing_time": 0,
[2026-03-25 17:19:27] [INFO]   "missing_text": 0,
[2026-03-25 17:19:27] [INFO]   "missing_refs": 0,
[2026-03-25 17:19:27] [INFO]   "low_confidence": 0
[2026-03-25 17:19:27] [INFO] }
[2026-03-25 17:19:27] [INFO] Saved to: data\processed\merged_posts.json
[2026-03-25 17:19:27] [INFO] Posts collected in this iteration: 6
[2026-03-25 17:19:27] [INFO] Total posts so far: 6 / 10
[2026-03-25 17:19:27] [INFO] Backed up posts to: data/visible_posts_iter_17.json
[2026-03-25 17:19:27] [INFO] Need more posts. Scrolling down...
[2026-03-25 17:19:38] [WARN] Scroll may have failed, continuing...
[2026-03-25 17:19:40] [INFO] 
[2026-03-25 17:19:40] [INFO] ========== ITERATION 18 ==========
[2026-03-25 17:19:40] [INFO] [Phase 1/5] Expanding visible posts...
[2026-03-25 17:19:47] [ERROR] FAILED at expand_visible_posts.js (exit code: 1)
[2026-03-25 17:19:47] [WARN] Warning: expand_visible_posts failed, continuing...
[2026-03-25 17:19:48] [INFO] [Phase 2/5] Extracting posts from DOM...
[2026-03-25 17:19:56] [ERROR] FAILED at extract_visible_posts.js (exit code: 1)
[2026-03-25 17:19:56] [WARN] Warning: extract_visible_posts failed, continuing...
[2026-03-25 17:19:57] [INFO] [Phase 3/5] Looking up action references...
[2026-03-25 17:20:05] [ERROR] FAILED at lookup_post_action_refs.js (exit code: 1)
[2026-03-25 17:20:05] [WARN] Warning: lookup_post_action_refs failed, continuing...
[2026-03-25 17:20:06] [INFO] [Phase 4/5] Parsing snapshots...
[2026-03-25 17:20:06] [INFO] Wrote 6 posts -> data\visible_posts.json
[2026-03-25 17:20:06] [INFO] [Phase 5/5] Merging posts with action refs...
[2026-03-25 17:20:06] [INFO] Starting merge at 2026-03-25T17:20:06.521431
[2026-03-25 17:20:06] [INFO] Loaded: 0 DOM posts, 6 snapshot posts
[2026-03-25 17:20:06] [INFO] {
[2026-03-25 17:20:06] [INFO]   "all_fields_present": 6,
[2026-03-25 17:20:06] [INFO]   "missing_author": 0,
[2026-03-25 17:20:06] [INFO]   "missing_time": 0,
[2026-03-25 17:20:06] [INFO]   "missing_text": 0,
[2026-03-25 17:20:06] [INFO]   "missing_refs": 0,
[2026-03-25 17:20:06] [INFO]   "low_confidence": 0
[2026-03-25 17:20:06] [INFO] }
[2026-03-25 17:20:06] [INFO] Saved to: data\processed\merged_posts.json
[2026-03-25 17:20:06] [INFO] Posts collected in this iteration: 6
[2026-03-25 17:20:06] [INFO] Total posts so far: 6 / 10
[2026-03-25 17:20:06] [INFO] Backed up posts to: data/visible_posts_iter_18.json
[2026-03-25 17:20:06] [INFO] Need more posts. Scrolling down...
[2026-03-25 17:20:14] [WARN] Scroll may have failed, continuing...
[2026-03-25 17:20:16] [INFO] 
[2026-03-25 17:20:16] [INFO] ========== ITERATION 19 ==========
[2026-03-25 17:20:16] [INFO] [Phase 1/5] Expanding visible posts...
[2026-03-25 17:20:22] [ERROR] FAILED at expand_visible_posts.js (exit code: 1)
[2026-03-25 17:20:22] [WARN] Warning: expand_visible_posts failed, continuing...
[2026-03-25 17:20:23] [INFO] [Phase 2/5] Extracting posts from DOM...
[2026-03-25 17:20:33] [ERROR] FAILED at extract_visible_posts.js (exit code: 1)
[2026-03-25 17:20:33] [WARN] Warning: extract_visible_posts failed, continuing...
[2026-03-25 17:20:34] [INFO] [Phase 3/5] Looking up action references...
[2026-03-25 17:20:43] [ERROR] FAILED at lookup_post_action_refs.js (exit code: 1)
[2026-03-25 17:20:43] [WARN] Warning: lookup_post_action_refs failed, continuing...
[2026-03-25 17:20:44] [INFO] [Phase 4/5] Parsing snapshots...
[2026-03-25 17:20:44] [INFO] Wrote 6 posts -> data\visible_posts.json
[2026-03-25 17:20:44] [INFO] [Phase 5/5] Merging posts with action refs...
[2026-03-25 17:20:44] [INFO] Starting merge at 2026-03-25T17:20:44.398498
[2026-03-25 17:20:44] [INFO] Loaded: 0 DOM posts, 6 snapshot posts
[2026-03-25 17:20:44] [INFO] {
[2026-03-25 17:20:44] [INFO]   "all_fields_present": 6,
[2026-03-25 17:20:44] [INFO]   "missing_author": 0,
[2026-03-25 17:20:44] [INFO]   "missing_time": 0,
[2026-03-25 17:20:44] [INFO]   "missing_text": 0,
[2026-03-25 17:20:44] [INFO]   "missing_refs": 0,
[2026-03-25 17:20:44] [INFO]   "low_confidence": 0
[2026-03-25 17:20:44] [INFO] }
[2026-03-25 17:20:44] [INFO] Saved to: data\processed\merged_posts.json
[2026-03-25 17:20:44] [INFO] Posts collected in this iteration: 6
[2026-03-25 17:20:44] [INFO] Total posts so far: 6 / 10
[2026-03-25 17:20:44] [INFO] Backed up posts to: data/visible_posts_iter_19.json
[2026-03-25 17:20:44] [INFO] Need more posts. Scrolling down...
[2026-03-25 17:20:49] [WARN] Scroll may have failed, continuing...
[2026-03-25 17:20:51] [INFO] 
[2026-03-25 17:20:51] [INFO] ========== ITERATION 20 ==========
[2026-03-25 17:20:51] [INFO] [Phase 1/5] Expanding visible posts...
[2026-03-25 17:20:56] [ERROR] FAILED at expand_visible_posts.js (exit code: 1)
[2026-03-25 17:20:56] [WARN] Warning: expand_visible_posts failed, continuing...
[2026-03-25 17:20:57] [INFO] [Phase 2/5] Extracting posts from DOM...
[2026-03-25 17:21:02] [ERROR] FAILED at extract_visible_posts.js (exit code: 1)
[2026-03-25 17:21:02] [WARN] Warning: extract_visible_posts failed, continuing...
[2026-03-25 17:21:03] [INFO] [Phase 3/5] Looking up action references...
[2026-03-25 17:21:08] [ERROR] FAILED at lookup_post_action_refs.js (exit code: 1)
[2026-03-25 17:21:08] [WARN] Warning: lookup_post_action_refs failed, continuing...
[2026-03-25 17:21:09] [INFO] [Phase 4/5] Parsing snapshots...
[2026-03-25 17:21:09] [INFO] Wrote 6 posts -> data\visible_posts.json
[2026-03-25 17:21:09] [INFO] [Phase 5/5] Merging posts with action refs...
[2026-03-25 17:21:09] [INFO] Starting merge at 2026-03-25T17:21:09.290025
[2026-03-25 17:21:09] [INFO] Loaded: 0 DOM posts, 6 snapshot posts
[2026-03-25 17:21:09] [INFO] {
[2026-03-25 17:21:09] [INFO]   "all_fields_present": 6,
[2026-03-25 17:21:09] [INFO]   "missing_author": 0,
[2026-03-25 17:21:09] [INFO]   "missing_time": 0,
[2026-03-25 17:21:09] [INFO]   "missing_text": 0,
[2026-03-25 17:21:09] [INFO]   "missing_refs": 0,
[2026-03-25 17:21:09] [INFO]   "low_confidence": 0
[2026-03-25 17:21:09] [INFO] }
[2026-03-25 17:21:09] [INFO] Saved to: data\processed\merged_posts.json
[2026-03-25 17:21:09] [INFO] Posts collected in this iteration: 6
[2026-03-25 17:21:09] [INFO] Total posts so far: 6 / 10
[2026-03-25 17:21:09] [INFO] Backed up posts to: data/visible_posts_iter_20.json
[2026-03-25 17:21:09] [INFO] 
[2026-03-25 17:21:09] [INFO] ========== Collection Complete ==========
[2026-03-25 17:21:09] [INFO] Total iterations: 20
[2026-03-25 17:21:09] [INFO] Total posts collected: 6
[2026-03-25 17:21:09] [INFO] ========== Merging posts from all iterations ==========
[2026-03-25 17:21:09] [INFO] Added 6 posts from iteration 1
[2026-03-25 17:21:09] [INFO] Added 6 posts from iteration 2
[2026-03-25 17:21:09] [INFO] Added 6 posts from iteration 3
[2026-03-25 17:21:09] [INFO] Added 6 posts from iteration 4
[2026-03-25 17:21:09] [INFO] Added 6 posts from iteration 5
[2026-03-25 17:21:09] [INFO] Added 6 posts from iteration 6
[2026-03-25 17:21:09] [INFO] Added 6 posts from iteration 7
[2026-03-25 17:21:09] [INFO] Added 6 posts from iteration 8
[2026-03-25 17:21:09] [INFO] Added 6 posts from iteration 9
[2026-03-25 17:21:09] [INFO] Added 6 posts from iteration 10
[2026-03-25 17:21:09] [INFO] Added 6 posts from iteration 11
[2026-03-25 17:21:09] [INFO] Added 6 posts from iteration 12
[2026-03-25 17:21:09] [INFO] Added 6 posts from iteration 13
[2026-03-25 17:21:09] [INFO] Added 6 posts from iteration 14
[2026-03-25 17:21:10] [INFO] Added 6 posts from iteration 15
[2026-03-25 17:21:10] [INFO] Added 6 posts from iteration 16
[2026-03-25 17:21:10] [INFO] Added 6 posts from iteration 17
[2026-03-25 17:21:10] [INFO] Added 6 posts from iteration 18
[2026-03-25 17:21:10] [INFO] Added 6 posts from iteration 19
[2026-03-25 17:21:10] [INFO] Added 6 posts from iteration 20
[2026-03-25 17:21:10] [INFO] Total posts before dedup: 120
[2026-03-25 17:21:10] [INFO] Running dedup_posts.py...
[2026-03-25 17:21:11] [INFO] Error loading data/temp_all_posts.json: Unexpected UTF-8 BOM (decode using utf-8-sig): line 1 column 1 (char 0)
Loaded 0 posts from data/temp_all_posts.json
{
  "timestamp": "2026-03-25T17:21:10.518177",
  "input_file": "data/temp_all_posts.json",
  "output_file": "data/posts_collection.json",
  "target_count": 10,
  "total_loaded": 0,
  "after_dedup": 0,
  "final_count": 0,
  "posts": [],
  "status": "warning",
  "error": "No posts loaded"
}

[2026-03-25 17:21:11] [WARN] Warning: dedup_posts.py returned exit code 1
[2026-03-25 17:21:11] [INFO] Final result saved to: data/posts_collection.json
[2026-03-25 17:21:11] [INFO] 
[2026-03-25 17:21:11] [INFO] ========== Summary ==========
[2026-03-25 17:21:11] [INFO] Status: Success
[2026-03-25 17:21:11] [INFO] Target count: 10
[2026-03-25 17:21:11] [INFO] Actual collected: 6
[2026-03-25 17:21:11] [INFO] Iterations: 20 / 20
[2026-03-25 17:21:11] [INFO] Output files:
[2026-03-25 17:21:11] [INFO]   - data/visible_posts.json (latest iteration)
[2026-03-25 17:21:11] [INFO]   - data/posts_collection.json (final merged & deduped)
[2026-03-25 17:21:11] [WARN] Note: Reached max iterations limit without collecting enough posts
[2026-03-25 17:21:12] [INFO] Total duration: 720.9518296 seconds
[2026-03-25 17:35:41] [INFO] ========== Starting Posts Collection Workflow ==========
[2026-03-25 17:35:41] [INFO] Configuration:
[2026-03-25 17:35:41] [INFO]   GroupUrl: https://www.facebook.com/groups/792610141458395/
[2026-03-25 17:35:41] [INFO]   TargetCount: 10
[2026-03-25 17:35:41] [INFO]   BrowserProfile: openclaw
[2026-03-25 17:35:41] [INFO]   MaxIterations: 20
[2026-03-25 17:35:41] [INFO]   DryRun: True
[2026-03-25 17:35:41] [INFO] Target URL: https://www.facebook.com/groups/792610141458395/
[2026-03-25 17:35:41] [INFO] 
[2026-03-25 17:35:41] [INFO] ========== ITERATION 1 ==========
[2026-03-25 17:35:41] [INFO] [Phase 1/5] Expanding visible posts...
[2026-03-25 17:35:52] [ERROR] FAILED at expand_visible_posts.js (exit code: 1)
[2026-03-25 17:35:52] [WARN] Warning: expand_visible_posts failed, continuing...
[2026-03-25 17:35:53] [INFO] [Phase 2/5] Extracting posts from DOM...
[2026-03-25 17:35:58] [ERROR] FAILED at extract_visible_posts.js (exit code: 1)
[2026-03-25 17:35:58] [WARN] Warning: extract_visible_posts failed, continuing...
[2026-03-25 17:35:59] [INFO] [Phase 3/5] Looking up action references...
[2026-03-25 17:36:05] [ERROR] FAILED at lookup_post_action_refs.js (exit code: 1)
[2026-03-25 17:36:05] [WARN] Warning: lookup_post_action_refs failed, continuing...
[2026-03-25 17:36:06] [INFO] [Phase 4/5] Parsing snapshots...
[2026-03-25 17:36:06] [INFO] Wrote 6 posts -> data\visible_posts.json
[2026-03-25 17:36:06] [INFO] [Phase 5/5] Merging posts with action refs...
[2026-03-25 17:36:06] [INFO] Starting merge at 2026-03-25T17:36:06.566637
[2026-03-25 17:36:06] [INFO] Loaded: 0 DOM posts, 6 snapshot posts
[2026-03-25 17:36:06] [INFO] {
[2026-03-25 17:36:06] [INFO]   "all_fields_present": 6,
[2026-03-25 17:36:06] [INFO]   "missing_author": 0,
[2026-03-25 17:36:06] [INFO]   "missing_time": 0,
[2026-03-25 17:36:06] [INFO]   "missing_text": 0,
[2026-03-25 17:36:06] [INFO]   "missing_refs": 0,
[2026-03-25 17:36:06] [INFO]   "low_confidence": 0
[2026-03-25 17:36:06] [INFO] }
[2026-03-25 17:36:06] [INFO] Saved to: data\processed\merged_posts.json
[2026-03-25 17:36:06] [INFO] Posts collected in this iteration: 6
[2026-03-25 17:36:06] [INFO] Total posts so far: 6 / 10
[2026-03-25 17:36:06] [INFO] Backed up posts to: data/visible_posts_iter_1.json
[2026-03-25 17:36:06] [INFO] Need more posts. Scrolling down...
[2026-03-25 17:36:12] [WARN] Scroll may have failed, continuing...
[2026-03-25 17:36:14] [INFO] 
[2026-03-25 17:36:14] [INFO] ========== ITERATION 2 ==========
[2026-03-25 17:36:14] [INFO] [Phase 1/5] Expanding visible posts...
[2026-03-25 17:36:19] [ERROR] FAILED at expand_visible_posts.js (exit code: 1)
[2026-03-25 17:36:19] [WARN] Warning: expand_visible_posts failed, continuing...
[2026-03-25 17:36:20] [INFO] [Phase 2/5] Extracting posts from DOM...
[2026-03-25 17:36:30] [ERROR] FAILED at extract_visible_posts.js (exit code: 1)
[2026-03-25 17:36:30] [WARN] Warning: extract_visible_posts failed, continuing...
[2026-03-25 17:36:31] [INFO] [Phase 3/5] Looking up action references...
[2026-03-25 17:36:36] [ERROR] FAILED at lookup_post_action_refs.js (exit code: 1)
[2026-03-25 17:36:36] [WARN] Warning: lookup_post_action_refs failed, continuing...
[2026-03-25 17:36:37] [INFO] [Phase 4/5] Parsing snapshots...
[2026-03-25 17:36:38] [INFO] Wrote 6 posts -> data\visible_posts.json
[2026-03-25 17:36:38] [INFO] [Phase 5/5] Merging posts with action refs...
[2026-03-25 17:36:38] [INFO] Starting merge at 2026-03-25T17:36:38.229923
[2026-03-25 17:36:38] [INFO] Loaded: 0 DOM posts, 6 snapshot posts
[2026-03-25 17:36:38] [INFO] {
[2026-03-25 17:36:38] [INFO]   "all_fields_present": 6,
[2026-03-25 17:36:38] [INFO]   "missing_author": 0,
[2026-03-25 17:36:38] [INFO]   "missing_time": 0,
[2026-03-25 17:36:38] [INFO]   "missing_text": 0,
[2026-03-25 17:36:38] [INFO]   "missing_refs": 0,
[2026-03-25 17:36:38] [INFO]   "low_confidence": 0
[2026-03-25 17:36:38] [INFO] }
[2026-03-25 17:36:38] [INFO] Saved to: data\processed\merged_posts.json
[2026-03-25 17:36:38] [INFO] Posts collected in this iteration: 6
[2026-03-25 17:36:38] [INFO] Total posts so far: 6 / 10
[2026-03-25 17:36:38] [INFO] Backed up posts to: data/visible_posts_iter_2.json
[2026-03-25 17:36:38] [INFO] Need more posts. Scrolling down...
[2026-03-25 17:36:46] [WARN] Scroll may have failed, continuing...
[2026-03-25 17:36:48] [INFO] 
[2026-03-25 17:36:48] [INFO] ========== ITERATION 3 ==========
[2026-03-25 17:36:48] [INFO] [Phase 1/5] Expanding visible posts...
[2026-03-25 17:36:56] [ERROR] FAILED at expand_visible_posts.js (exit code: 1)
[2026-03-25 17:36:56] [WARN] Warning: expand_visible_posts failed, continuing...
[2026-03-25 17:36:57] [INFO] [Phase 2/5] Extracting posts from DOM...
[2026-03-25 17:37:06] [ERROR] FAILED at extract_visible_posts.js (exit code: 1)
[2026-03-25 17:37:06] [WARN] Warning: extract_visible_posts failed, continuing...
[2026-03-25 17:37:07] [INFO] [Phase 3/5] Looking up action references...
[2026-03-25 17:37:15] [ERROR] FAILED at lookup_post_action_refs.js (exit code: 1)
[2026-03-25 17:37:15] [WARN] Warning: lookup_post_action_refs failed, continuing...
[2026-03-25 17:37:16] [INFO] [Phase 4/5] Parsing snapshots...
[2026-03-25 17:37:16] [INFO] Wrote 6 posts -> data\visible_posts.json
[2026-03-25 17:37:16] [INFO] [Phase 5/5] Merging posts with action refs...
[2026-03-25 17:37:17] [INFO] Starting merge at 2026-03-25T17:37:17.170639
[2026-03-25 17:37:17] [INFO] Loaded: 0 DOM posts, 6 snapshot posts
[2026-03-25 17:37:17] [INFO] {
[2026-03-25 17:37:17] [INFO]   "all_fields_present": 6,
[2026-03-25 17:37:17] [INFO]   "missing_author": 0,
[2026-03-25 17:37:17] [INFO]   "missing_time": 0,
[2026-03-25 17:37:17] [INFO]   "missing_text": 0,
[2026-03-25 17:37:17] [INFO]   "missing_refs": 0,
[2026-03-25 17:37:17] [INFO]   "low_confidence": 0
[2026-03-25 17:37:17] [INFO] }
[2026-03-25 17:37:17] [INFO] Saved to: data\processed\merged_posts.json
[2026-03-25 17:37:17] [INFO] Posts collected in this iteration: 6
[2026-03-25 17:37:17] [INFO] Total posts so far: 6 / 10
[2026-03-25 17:37:17] [INFO] Backed up posts to: data/visible_posts_iter_3.json
[2026-03-25 17:37:17] [INFO] Need more posts. Scrolling down...
[2026-03-25 17:37:26] [WARN] Scroll may have failed, continuing...
[2026-03-25 17:37:28] [INFO] 
[2026-03-25 17:37:28] [INFO] ========== ITERATION 4 ==========
[2026-03-25 17:37:28] [INFO] [Phase 1/5] Expanding visible posts...
[2026-03-25 17:37:46] [ERROR] FAILED at expand_visible_posts.js (exit code: 1)
[2026-03-25 17:37:46] [WARN] Warning: expand_visible_posts failed, continuing...
[2026-03-25 17:37:47] [INFO] [Phase 2/5] Extracting posts from DOM...
[2026-03-25 17:38:05] [ERROR] FAILED at extract_visible_posts.js (exit code: 1)
[2026-03-25 17:38:05] [WARN] Warning: extract_visible_posts failed, continuing...
[2026-03-25 17:38:06] [INFO] [Phase 3/5] Looking up action references...
[2026-03-25 17:38:27] [ERROR] FAILED at lookup_post_action_refs.js (exit code: 1)
[2026-03-25 17:38:27] [WARN] Warning: lookup_post_action_refs failed, continuing...
[2026-03-25 17:38:28] [INFO] [Phase 4/5] Parsing snapshots...
[2026-03-25 17:38:31] [INFO] Wrote 6 posts -> data\visible_posts.json
[2026-03-25 17:38:31] [INFO] [Phase 5/5] Merging posts with action refs...
[2026-03-25 17:38:31] [INFO] Starting merge at 2026-03-25T17:38:31.666692
[2026-03-25 17:38:31] [INFO] Loaded: 0 DOM posts, 6 snapshot posts
[2026-03-25 17:38:31] [INFO] {
[2026-03-25 17:38:31] [INFO]   "all_fields_present": 6,
[2026-03-25 17:38:31] [INFO]   "missing_author": 0,
[2026-03-25 17:38:31] [INFO]   "missing_time": 0,
[2026-03-25 17:38:31] [INFO]   "missing_text": 0,
[2026-03-25 17:38:31] [INFO]   "missing_refs": 0,
[2026-03-25 17:38:31] [INFO]   "low_confidence": 0
[2026-03-25 17:38:31] [INFO] }
[2026-03-25 17:38:31] [INFO] Saved to: data\processed\merged_posts.json
[2026-03-25 17:38:32] [INFO] Posts collected in this iteration: 6
[2026-03-25 17:38:32] [INFO] Total posts so far: 6 / 10
[2026-03-25 17:38:32] [INFO] Backed up posts to: data/visible_posts_iter_4.json
[2026-03-25 17:38:32] [INFO] Need more posts. Scrolling down...
[2026-03-25 17:38:48] [WARN] Scroll may have failed, continuing...
[2026-03-25 17:38:50] [INFO] 
[2026-03-25 17:38:50] [INFO] ========== ITERATION 5 ==========
[2026-03-25 17:38:50] [INFO] [Phase 1/5] Expanding visible posts...
[2026-03-25 17:39:00] [ERROR] FAILED at expand_visible_posts.js (exit code: 1)
[2026-03-25 17:39:00] [WARN] Warning: expand_visible_posts failed, continuing...
[2026-03-25 17:39:01] [INFO] [Phase 2/5] Extracting posts from DOM...
[2026-03-25 17:39:08] [ERROR] FAILED at extract_visible_posts.js (exit code: 1)
[2026-03-25 17:39:08] [WARN] Warning: extract_visible_posts failed, continuing...
[2026-03-25 17:39:09] [INFO] [Phase 3/5] Looking up action references...
[2026-03-25 17:39:16] [ERROR] FAILED at lookup_post_action_refs.js (exit code: 1)
[2026-03-25 17:39:16] [WARN] Warning: lookup_post_action_refs failed, continuing...
[2026-03-25 17:39:17] [INFO] [Phase 4/5] Parsing snapshots...
[2026-03-25 17:39:17] [INFO] Wrote 6 posts -> data\visible_posts.json
[2026-03-25 17:39:17] [INFO] [Phase 5/5] Merging posts with action refs...
[2026-03-25 17:39:17] [INFO] Starting merge at 2026-03-25T17:39:17.931653
[2026-03-25 17:39:17] [INFO] Loaded: 0 DOM posts, 6 snapshot posts
[2026-03-25 17:39:17] [INFO] {
[2026-03-25 17:39:17] [INFO]   "all_fields_present": 6,
[2026-03-25 17:39:17] [INFO]   "missing_author": 0,
[2026-03-25 17:39:17] [INFO]   "missing_time": 0,
[2026-03-25 17:39:17] [INFO]   "missing_text": 0,
[2026-03-25 17:39:17] [INFO]   "missing_refs": 0,
[2026-03-25 17:39:17] [INFO]   "low_confidence": 0
[2026-03-25 17:39:17] [INFO] }
[2026-03-25 17:39:17] [INFO] Saved to: data\processed\merged_posts.json
[2026-03-25 17:39:17] [INFO] Posts collected in this iteration: 6
[2026-03-25 17:39:18] [INFO] Total posts so far: 6 / 10
[2026-03-25 17:39:18] [INFO] Backed up posts to: data/visible_posts_iter_5.json
[2026-03-25 17:39:18] [INFO] Need more posts. Scrolling down...
[2026-03-25 17:39:27] [WARN] Scroll may have failed, continuing...
[2026-03-25 17:39:29] [INFO] 
[2026-03-25 17:39:29] [INFO] ========== ITERATION 6 ==========
[2026-03-25 17:39:29] [INFO] [Phase 1/5] Expanding visible posts...
[2026-03-25 17:39:38] [ERROR] FAILED at expand_visible_posts.js (exit code: 1)
[2026-03-25 17:39:38] [WARN] Warning: expand_visible_posts failed, continuing...
[2026-03-25 17:39:39] [INFO] [Phase 2/5] Extracting posts from DOM...
[2026-03-25 17:39:58] [ERROR] FAILED at extract_visible_posts.js (exit code: 1)
[2026-03-25 17:39:58] [WARN] Warning: extract_visible_posts failed, continuing...
[2026-03-25 17:39:59] [INFO] [Phase 3/5] Looking up action references...
[2026-03-25 17:40:08] [ERROR] FAILED at lookup_post_action_refs.js (exit code: 1)
[2026-03-25 17:40:08] [WARN] Warning: lookup_post_action_refs failed, continuing...
[2026-03-25 17:40:09] [INFO] [Phase 4/5] Parsing snapshots...
[2026-03-25 17:40:10] [INFO] Wrote 6 posts -> data\visible_posts.json
[2026-03-25 17:40:10] [INFO] [Phase 5/5] Merging posts with action refs...
[2026-03-25 17:40:10] [INFO] Starting merge at 2026-03-25T17:40:10.229661
[2026-03-25 17:40:10] [INFO] Loaded: 0 DOM posts, 6 snapshot posts
[2026-03-25 17:40:10] [INFO] {
[2026-03-25 17:40:10] [INFO]   "all_fields_present": 6,
[2026-03-25 17:40:10] [INFO]   "missing_author": 0,
[2026-03-25 17:40:10] [INFO]   "missing_time": 0,
[2026-03-25 17:40:10] [INFO]   "missing_text": 0,
[2026-03-25 17:40:10] [INFO]   "missing_refs": 0,
[2026-03-25 17:40:10] [INFO]   "low_confidence": 0
[2026-03-25 17:40:10] [INFO] }
[2026-03-25 17:40:10] [INFO] Saved to: data\processed\merged_posts.json
[2026-03-25 17:40:10] [INFO] Posts collected in this iteration: 6
[2026-03-25 17:40:10] [INFO] Total posts so far: 6 / 10
[2026-03-25 17:40:10] [INFO] Backed up posts to: data/visible_posts_iter_6.json
[2026-03-25 17:40:10] [INFO] Need more posts. Scrolling down...
[2026-03-25 17:40:19] [WARN] Scroll may have failed, continuing...
[2026-03-25 17:40:21] [INFO] 
[2026-03-25 17:40:21] [INFO] ========== ITERATION 7 ==========
[2026-03-25 17:40:21] [INFO] [Phase 1/5] Expanding visible posts...
[2026-03-25 17:40:31] [ERROR] FAILED at expand_visible_posts.js (exit code: 1)
[2026-03-25 17:40:31] [WARN] Warning: expand_visible_posts failed, continuing...
[2026-03-25 17:40:32] [INFO] [Phase 2/5] Extracting posts from DOM...
[2026-03-25 17:40:44] [ERROR] FAILED at extract_visible_posts.js (exit code: 1)
[2026-03-25 17:40:44] [WARN] Warning: extract_visible_posts failed, continuing...
[2026-03-25 17:40:45] [INFO] [Phase 3/5] Looking up action references...
[2026-03-25 17:40:52] [ERROR] FAILED at lookup_post_action_refs.js (exit code: 1)
[2026-03-25 17:40:52] [WARN] Warning: lookup_post_action_refs failed, continuing...
[2026-03-25 17:40:53] [INFO] [Phase 4/5] Parsing snapshots...
[2026-03-25 17:40:53] [INFO] Wrote 6 posts -> data\visible_posts.json
[2026-03-25 17:40:53] [INFO] [Phase 5/5] Merging posts with action refs...
[2026-03-25 17:40:53] [INFO] Starting merge at 2026-03-25T17:40:53.821985
[2026-03-25 17:40:53] [INFO] Loaded: 0 DOM posts, 6 snapshot posts
[2026-03-25 17:40:53] [INFO] {
[2026-03-25 17:40:53] [INFO]   "all_fields_present": 6,
[2026-03-25 17:40:53] [INFO]   "missing_author": 0,
[2026-03-25 17:40:53] [INFO]   "missing_time": 0,
[2026-03-25 17:40:53] [INFO]   "missing_text": 0,
[2026-03-25 17:40:53] [INFO]   "missing_refs": 0,
[2026-03-25 17:40:53] [INFO]   "low_confidence": 0
[2026-03-25 17:40:53] [INFO] }
[2026-03-25 17:40:53] [INFO] Saved to: data\processed\merged_posts.json
[2026-03-25 17:40:53] [INFO] Posts collected in this iteration: 6
[2026-03-25 17:40:53] [INFO] Total posts so far: 6 / 10
[2026-03-25 17:40:53] [INFO] Backed up posts to: data/visible_posts_iter_7.json
[2026-03-25 17:40:53] [INFO] Need more posts. Scrolling down...
[2026-03-25 17:41:00] [WARN] Scroll may have failed, continuing...
[2026-03-25 17:41:02] [INFO] 
[2026-03-25 17:41:02] [INFO] ========== ITERATION 8 ==========
[2026-03-25 17:41:02] [INFO] [Phase 1/5] Expanding visible posts...
[2026-03-25 17:41:09] [ERROR] FAILED at expand_visible_posts.js (exit code: 1)
[2026-03-25 17:41:09] [WARN] Warning: expand_visible_posts failed, continuing...
[2026-03-25 17:41:10] [INFO] [Phase 2/5] Extracting posts from DOM...
[2026-03-25 17:41:19] [ERROR] FAILED at extract_visible_posts.js (exit code: 1)
[2026-03-25 17:41:19] [WARN] Warning: extract_visible_posts failed, continuing...
[2026-03-25 17:41:21] [INFO] [Phase 3/5] Looking up action references...
[2026-03-25 17:41:32] [ERROR] FAILED at lookup_post_action_refs.js (exit code: 1)
[2026-03-25 17:41:32] [WARN] Warning: lookup_post_action_refs failed, continuing...
[2026-03-25 17:41:33] [INFO] [Phase 4/5] Parsing snapshots...
[2026-03-25 17:41:34] [INFO] Wrote 6 posts -> data\visible_posts.json
[2026-03-25 17:41:34] [INFO] [Phase 5/5] Merging posts with action refs...
[2026-03-25 17:41:34] [INFO] Starting merge at 2026-03-25T17:41:34.478563
[2026-03-25 17:41:34] [INFO] Loaded: 0 DOM posts, 6 snapshot posts
[2026-03-25 17:41:34] [INFO] {
[2026-03-25 17:41:34] [INFO]   "all_fields_present": 6,
[2026-03-25 17:41:34] [INFO]   "missing_author": 0,
[2026-03-25 17:41:34] [INFO]   "missing_time": 0,
[2026-03-25 17:41:34] [INFO]   "missing_text": 0,
[2026-03-25 17:41:34] [INFO]   "missing_refs": 0,
[2026-03-25 17:41:34] [INFO]   "low_confidence": 0
[2026-03-25 17:41:34] [INFO] }
[2026-03-25 17:41:34] [INFO] Saved to: data\processed\merged_posts.json
[2026-03-25 17:41:34] [INFO] Posts collected in this iteration: 6
[2026-03-25 17:41:34] [INFO] Total posts so far: 6 / 10
[2026-03-25 17:41:34] [INFO] Backed up posts to: data/visible_posts_iter_8.json
[2026-03-25 17:41:34] [INFO] Need more posts. Scrolling down...
[2026-03-25 17:41:49] [WARN] Scroll may have failed, continuing...
[2026-03-25 17:41:51] [INFO] 
[2026-03-25 17:41:51] [INFO] ========== ITERATION 9 ==========
[2026-03-25 17:41:51] [INFO] [Phase 1/5] Expanding visible posts...
[2026-03-25 17:41:58] [ERROR] FAILED at expand_visible_posts.js (exit code: 1)
[2026-03-25 17:41:58] [WARN] Warning: expand_visible_posts failed, continuing...
[2026-03-25 17:41:59] [INFO] [Phase 2/5] Extracting posts from DOM...
[2026-03-25 17:42:17] [ERROR] FAILED at extract_visible_posts.js (exit code: 1)
[2026-03-25 17:42:17] [WARN] Warning: extract_visible_posts failed, continuing...
[2026-03-25 17:42:18] [INFO] [Phase 3/5] Looking up action references...
[2026-03-25 17:42:32] [ERROR] FAILED at lookup_post_action_refs.js (exit code: 1)
[2026-03-25 17:42:32] [WARN] Warning: lookup_post_action_refs failed, continuing...
[2026-03-25 17:42:33] [INFO] [Phase 4/5] Parsing snapshots...
[2026-03-25 17:42:33] [INFO] Wrote 6 posts -> data\visible_posts.json
[2026-03-25 17:42:33] [INFO] [Phase 5/5] Merging posts with action refs...
[2026-03-25 17:42:33] [INFO] Starting merge at 2026-03-25T17:42:33.629648
[2026-03-25 17:42:33] [INFO] Loaded: 0 DOM posts, 6 snapshot posts
[2026-03-25 17:42:33] [INFO] {
[2026-03-25 17:42:33] [INFO]   "all_fields_present": 6,
[2026-03-25 17:42:33] [INFO]   "missing_author": 0,
[2026-03-25 17:42:33] [INFO]   "missing_time": 0,
[2026-03-25 17:42:33] [INFO]   "missing_text": 0,
[2026-03-25 17:42:33] [INFO]   "missing_refs": 0,
[2026-03-25 17:42:33] [INFO]   "low_confidence": 0
[2026-03-25 17:42:33] [INFO] }
[2026-03-25 17:42:33] [INFO] Saved to: data\processed\merged_posts.json
[2026-03-25 17:42:33] [INFO] Posts collected in this iteration: 6
[2026-03-25 17:42:33] [INFO] Total posts so far: 6 / 10
[2026-03-25 17:42:33] [INFO] Backed up posts to: data/visible_posts_iter_9.json
[2026-03-25 17:42:33] [INFO] Need more posts. Scrolling down...
[2026-03-25 17:42:42] [WARN] Scroll may have failed, continuing...
[2026-03-25 17:42:44] [INFO] 
[2026-03-25 17:42:44] [INFO] ========== ITERATION 10 ==========
[2026-03-25 17:42:44] [INFO] [Phase 1/5] Expanding visible posts...
[2026-03-25 17:42:52] [ERROR] FAILED at expand_visible_posts.js (exit code: 1)
[2026-03-25 17:42:52] [WARN] Warning: expand_visible_posts failed, continuing...
[2026-03-25 17:42:53] [INFO] [Phase 2/5] Extracting posts from DOM...
[2026-03-25 17:42:58] [ERROR] FAILED at extract_visible_posts.js (exit code: 1)
[2026-03-25 17:42:58] [WARN] Warning: extract_visible_posts failed, continuing...
[2026-03-25 17:42:59] [INFO] [Phase 3/5] Looking up action references...
[2026-03-25 17:43:06] [ERROR] FAILED at lookup_post_action_refs.js (exit code: 1)
[2026-03-25 17:43:06] [WARN] Warning: lookup_post_action_refs failed, continuing...
[2026-03-25 17:43:07] [INFO] [Phase 4/5] Parsing snapshots...
[2026-03-25 17:43:08] [INFO] Wrote 6 posts -> data\visible_posts.json
[2026-03-25 17:43:08] [INFO] [Phase 5/5] Merging posts with action refs...
[2026-03-25 17:43:08] [INFO] Starting merge at 2026-03-25T17:43:08.238445
[2026-03-25 17:43:08] [INFO] Loaded: 0 DOM posts, 6 snapshot posts
[2026-03-25 17:43:08] [INFO] {
[2026-03-25 17:43:08] [INFO]   "all_fields_present": 6,
[2026-03-25 17:43:08] [INFO]   "missing_author": 0,
[2026-03-25 17:43:08] [INFO]   "missing_time": 0,
[2026-03-25 17:43:08] [INFO]   "missing_text": 0,
[2026-03-25 17:43:08] [INFO]   "missing_refs": 0,
[2026-03-25 17:43:08] [INFO]   "low_confidence": 0
[2026-03-25 17:43:08] [INFO] }
[2026-03-25 17:43:08] [INFO] Saved to: data\processed\merged_posts.json
[2026-03-25 17:43:08] [INFO] Posts collected in this iteration: 6
[2026-03-25 17:43:08] [INFO] Total posts so far: 6 / 10
[2026-03-25 17:43:08] [INFO] Backed up posts to: data/visible_posts_iter_10.json
[2026-03-25 17:43:08] [INFO] Need more posts. Scrolling down...
[2026-03-25 17:43:15] [WARN] Scroll may have failed, continuing...
[2026-03-25 17:43:17] [INFO] 
[2026-03-25 17:43:17] [INFO] ========== ITERATION 11 ==========
[2026-03-25 17:43:17] [INFO] [Phase 1/5] Expanding visible posts...
[2026-03-25 17:43:24] [ERROR] FAILED at expand_visible_posts.js (exit code: 1)
[2026-03-25 17:43:24] [WARN] Warning: expand_visible_posts failed, continuing...
[2026-03-25 17:43:25] [INFO] [Phase 2/5] Extracting posts from DOM...
[2026-03-25 17:43:34] [ERROR] FAILED at extract_visible_posts.js (exit code: 1)
[2026-03-25 17:43:34] [WARN] Warning: extract_visible_posts failed, continuing...
[2026-03-25 17:43:36] [INFO] [Phase 3/5] Looking up action references...
[2026-03-25 17:43:44] [ERROR] FAILED at lookup_post_action_refs.js (exit code: 1)
[2026-03-25 17:43:44] [WARN] Warning: lookup_post_action_refs failed, continuing...
[2026-03-25 17:43:45] [INFO] [Phase 4/5] Parsing snapshots...
[2026-03-25 17:43:46] [INFO] Wrote 6 posts -> data\visible_posts.json
[2026-03-25 17:43:46] [INFO] [Phase 5/5] Merging posts with action refs...
[2026-03-25 17:43:46] [INFO] Starting merge at 2026-03-25T17:43:46.370570
[2026-03-25 17:43:46] [INFO] Loaded: 0 DOM posts, 6 snapshot posts
[2026-03-25 17:43:46] [INFO] {
[2026-03-25 17:43:46] [INFO]   "all_fields_present": 6,
[2026-03-25 17:43:46] [INFO]   "missing_author": 0,
[2026-03-25 17:43:46] [INFO]   "missing_time": 0,
[2026-03-25 17:43:46] [INFO]   "missing_text": 0,
[2026-03-25 17:43:46] [INFO]   "missing_refs": 0,
[2026-03-25 17:43:46] [INFO]   "low_confidence": 0
[2026-03-25 17:43:46] [INFO] }
[2026-03-25 17:43:46] [INFO] Saved to: data\processed\merged_posts.json
[2026-03-25 17:43:46] [INFO] Posts collected in this iteration: 6
[2026-03-25 17:43:46] [INFO] Total posts so far: 6 / 10
[2026-03-25 17:43:46] [INFO] Backed up posts to: data/visible_posts_iter_11.json
[2026-03-25 17:43:46] [INFO] Need more posts. Scrolling down...
[2026-03-25 17:43:53] [WARN] Scroll may have failed, continuing...
[2026-03-25 17:43:55] [INFO] 
[2026-03-25 17:43:55] [INFO] ========== ITERATION 12 ==========
[2026-03-25 17:43:55] [INFO] [Phase 1/5] Expanding visible posts...
[2026-03-25 17:44:07] [ERROR] FAILED at expand_visible_posts.js (exit code: 1)
[2026-03-25 17:44:07] [WARN] Warning: expand_visible_posts failed, continuing...
[2026-03-25 17:44:08] [INFO] [Phase 2/5] Extracting posts from DOM...
[2026-03-25 17:44:36] [ERROR] FAILED at extract_visible_posts.js (exit code: 1)
[2026-03-25 17:44:36] [WARN] Warning: extract_visible_posts failed, continuing...
[2026-03-25 17:44:37] [INFO] [Phase 3/5] Looking up action references...
[2026-03-25 17:44:46] [ERROR] FAILED at lookup_post_action_refs.js (exit code: 1)
[2026-03-25 17:44:46] [WARN] Warning: lookup_post_action_refs failed, continuing...
[2026-03-25 17:44:47] [INFO] [Phase 4/5] Parsing snapshots...
[2026-03-25 17:44:49] [INFO] Wrote 6 posts -> data\visible_posts.json
[2026-03-25 17:44:49] [INFO] [Phase 5/5] Merging posts with action refs...
[2026-03-25 17:44:49] [INFO] Starting merge at 2026-03-25T17:44:49.280490
[2026-03-25 17:44:49] [INFO] Loaded: 0 DOM posts, 6 snapshot posts
[2026-03-25 17:44:49] [INFO] {
[2026-03-25 17:44:49] [INFO]   "all_fields_present": 6,
[2026-03-25 17:44:49] [INFO]   "missing_author": 0,
[2026-03-25 17:44:49] [INFO]   "missing_time": 0,
[2026-03-25 17:44:49] [INFO]   "missing_text": 0,
[2026-03-25 17:44:49] [INFO]   "missing_refs": 0,
[2026-03-25 17:44:49] [INFO]   "low_confidence": 0
[2026-03-25 17:44:49] [INFO] }
[2026-03-25 17:44:49] [INFO] Saved to: data\processed\merged_posts.json
[2026-03-25 17:44:49] [INFO] Posts collected in this iteration: 6
[2026-03-25 17:44:49] [INFO] Total posts so far: 6 / 10
[2026-03-25 17:44:49] [INFO] Backed up posts to: data/visible_posts_iter_12.json
[2026-03-25 17:44:49] [INFO] Need more posts. Scrolling down...
[2026-03-25 17:44:57] [WARN] Scroll may have failed, continuing...
[2026-03-25 17:44:59] [INFO] 
[2026-03-25 17:44:59] [INFO] ========== ITERATION 13 ==========
[2026-03-25 17:44:59] [INFO] [Phase 1/5] Expanding visible posts...
[2026-03-25 17:45:11] [ERROR] FAILED at expand_visible_posts.js (exit code: 1)
[2026-03-25 17:45:11] [WARN] Warning: expand_visible_posts failed, continuing...
[2026-03-25 17:45:12] [INFO] [Phase 2/5] Extracting posts from DOM...
[2026-03-25 17:45:18] [ERROR] FAILED at extract_visible_posts.js (exit code: 1)
[2026-03-25 17:45:18] [WARN] Warning: extract_visible_posts failed, continuing...
[2026-03-25 17:45:19] [INFO] [Phase 3/5] Looking up action references...
[2026-03-25 17:45:28] [ERROR] FAILED at lookup_post_action_refs.js (exit code: 1)
[2026-03-25 17:45:28] [WARN] Warning: lookup_post_action_refs failed, continuing...
[2026-03-25 17:45:29] [INFO] [Phase 4/5] Parsing snapshots...
[2026-03-25 17:45:29] [INFO] Wrote 6 posts -> data\visible_posts.json
[2026-03-25 17:45:29] [INFO] [Phase 5/5] Merging posts with action refs...
[2026-03-25 17:45:29] [INFO] Starting merge at 2026-03-25T17:45:29.654279
[2026-03-25 17:45:29] [INFO] Loaded: 0 DOM posts, 6 snapshot posts
[2026-03-25 17:45:29] [INFO] {
[2026-03-25 17:45:29] [INFO]   "all_fields_present": 6,
[2026-03-25 17:45:29] [INFO]   "missing_author": 0,
[2026-03-25 17:45:29] [INFO]   "missing_time": 0,
[2026-03-25 17:45:29] [INFO]   "missing_text": 0,
[2026-03-25 17:45:29] [INFO]   "missing_refs": 0,
[2026-03-25 17:45:29] [INFO]   "low_confidence": 0
[2026-03-25 17:45:29] [INFO] }
[2026-03-25 17:45:29] [INFO] Saved to: data\processed\merged_posts.json
[2026-03-25 17:45:29] [INFO] Posts collected in this iteration: 6
[2026-03-25 17:45:29] [INFO] Total posts so far: 6 / 10
[2026-03-25 17:45:29] [INFO] Backed up posts to: data/visible_posts_iter_13.json
[2026-03-25 17:45:29] [INFO] Need more posts. Scrolling down...
[2026-03-25 17:45:36] [WARN] Scroll may have failed, continuing...
[2026-03-25 17:45:38] [INFO] 
[2026-03-25 17:45:38] [INFO] ========== ITERATION 14 ==========
[2026-03-25 17:45:38] [INFO] [Phase 1/5] Expanding visible posts...
[2026-03-25 17:45:46] [ERROR] FAILED at expand_visible_posts.js (exit code: 1)
[2026-03-25 17:45:46] [WARN] Warning: expand_visible_posts failed, continuing...
[2026-03-25 17:45:47] [INFO] [Phase 2/5] Extracting posts from DOM...
[2026-03-25 17:46:02] [ERROR] FAILED at extract_visible_posts.js (exit code: 1)
[2026-03-25 17:46:02] [WARN] Warning: extract_visible_posts failed, continuing...
[2026-03-25 17:46:03] [INFO] [Phase 3/5] Looking up action references...
[2026-03-25 17:46:10] [ERROR] FAILED at lookup_post_action_refs.js (exit code: 1)
[2026-03-25 17:46:10] [WARN] Warning: lookup_post_action_refs failed, continuing...
[2026-03-25 17:46:11] [INFO] [Phase 4/5] Parsing snapshots...
[2026-03-25 17:46:11] [INFO] Wrote 6 posts -> data\visible_posts.json
[2026-03-25 17:46:11] [INFO] [Phase 5/5] Merging posts with action refs...
[2026-03-25 17:46:11] [INFO] Starting merge at 2026-03-25T17:46:11.998093
[2026-03-25 17:46:12] [INFO] Loaded: 0 DOM posts, 6 snapshot posts
[2026-03-25 17:46:12] [INFO] {
[2026-03-25 17:46:12] [INFO]   "all_fields_present": 6,
[2026-03-25 17:46:12] [INFO]   "missing_author": 0,
[2026-03-25 17:46:12] [INFO]   "missing_time": 0,
[2026-03-25 17:46:12] [INFO]   "missing_text": 0,
[2026-03-25 17:46:12] [INFO]   "missing_refs": 0,
[2026-03-25 17:46:12] [INFO]   "low_confidence": 0
[2026-03-25 17:46:12] [INFO] }
[2026-03-25 17:46:12] [INFO] Saved to: data\processed\merged_posts.json
[2026-03-25 17:46:12] [INFO] Posts collected in this iteration: 6
[2026-03-25 17:46:12] [INFO] Total posts so far: 6 / 10
[2026-03-25 17:46:12] [INFO] Backed up posts to: data/visible_posts_iter_14.json
[2026-03-25 17:46:12] [INFO] Need more posts. Scrolling down...
[2026-03-25 17:46:21] [WARN] Scroll may have failed, continuing...
[2026-03-25 17:46:23] [INFO] 
[2026-03-25 17:46:23] [INFO] ========== ITERATION 15 ==========
[2026-03-25 17:46:23] [INFO] [Phase 1/5] Expanding visible posts...
[2026-03-25 17:46:31] [ERROR] FAILED at expand_visible_posts.js (exit code: 1)
[2026-03-25 17:46:31] [WARN] Warning: expand_visible_posts failed, continuing...
[2026-03-25 17:46:32] [INFO] [Phase 2/5] Extracting posts from DOM...
[2026-03-25 17:46:40] [ERROR] FAILED at extract_visible_posts.js (exit code: 1)
[2026-03-25 17:46:40] [WARN] Warning: extract_visible_posts failed, continuing...
[2026-03-25 17:46:41] [INFO] [Phase 3/5] Looking up action references...
[2026-03-25 17:46:48] [INFO] ========== Starting Posts Collection Workflow ==========
[2026-03-25 17:46:48] [INFO] Configuration:
[2026-03-25 17:46:48] [INFO]   GroupUrl: https://www.facebook.com/groups/792610141458395/
[2026-03-25 17:46:48] [INFO]   TargetCount: 10
[2026-03-25 17:46:48] [INFO]   BrowserProfile: openclaw
[2026-03-25 17:46:48] [INFO]   MaxIterations: 20
[2026-03-25 17:46:48] [INFO]   DryRun: True
[2026-03-25 17:46:48] [INFO] Target URL: https://www.facebook.com/groups/792610141458395/
[2026-03-25 17:46:48] [INFO] 
[2026-03-25 17:46:48] [INFO] ========== ITERATION 1 ==========
[2026-03-25 17:46:48] [INFO] [Phase 1/5] Expanding visible posts...
[2026-03-25 17:46:55] [ERROR] FAILED at expand_visible_posts.js (exit code: 1)
[2026-03-25 17:46:55] [WARN] Warning: expand_visible_posts failed, continuing...
[2026-03-25 17:46:57] [INFO] [Phase 2/5] Extracting posts from DOM...
[2026-03-25 17:47:04] [ERROR] FAILED at extract_visible_posts.js (exit code: 1)
[2026-03-25 17:47:04] [WARN] Warning: extract_visible_posts failed, continuing...
[2026-03-25 17:47:05] [INFO] [Phase 3/5] Looking up action references...
[2026-03-25 17:47:14] [ERROR] FAILED at lookup_post_action_refs.js (exit code: 1)
[2026-03-25 17:47:14] [WARN] Warning: lookup_post_action_refs failed, continuing...
[2026-03-25 17:47:15] [INFO] [Phase 4/5] Parsing snapshots...
[2026-03-25 17:47:15] [INFO] Wrote 6 posts -> data\visible_posts.json
[2026-03-25 17:47:15] [INFO] [Phase 5/5] Merging posts with action refs...
[2026-03-25 17:47:16] [INFO] Starting merge at 2026-03-25T17:47:16.263475
[2026-03-25 17:47:16] [INFO] Loaded: 0 DOM posts, 6 snapshot posts
[2026-03-25 17:47:16] [INFO] {
[2026-03-25 17:47:16] [INFO]   "all_fields_present": 6,
[2026-03-25 17:47:16] [INFO]   "missing_author": 0,
[2026-03-25 17:47:16] [INFO]   "missing_time": 0,
[2026-03-25 17:47:16] [INFO]   "missing_text": 0,
[2026-03-25 17:47:16] [INFO]   "missing_refs": 0,
[2026-03-25 17:47:16] [INFO]   "low_confidence": 0
[2026-03-25 17:47:16] [INFO] }
[2026-03-25 17:47:16] [INFO] Saved to: data\processed\merged_posts.json
[2026-03-25 17:47:17] [INFO] Posts collected in this iteration: 6
[2026-03-25 17:47:17] [INFO] Total posts so far: 6 / 10
[2026-03-25 17:47:17] [INFO] Backed up posts to: data/visible_posts_iter_1.json
[2026-03-25 17:47:17] [INFO] Need more posts. Scrolling down (aggressive: 3 attempts + wait 4s)...
[2026-03-25 17:47:35] [WARN] Scroll status: 
[2026-03-25 17:47:37] [INFO] 
[2026-03-25 17:47:37] [INFO] ========== ITERATION 2 ==========
[2026-03-25 17:47:37] [INFO] [Phase 1/5] Expanding visible posts...
[2026-03-25 17:47:45] [ERROR] FAILED at expand_visible_posts.js (exit code: 1)
[2026-03-25 17:47:45] [WARN] Warning: expand_visible_posts failed, continuing...
[2026-03-25 17:47:46] [INFO] [Phase 2/5] Extracting posts from DOM...
[2026-03-25 17:47:55] [ERROR] FAILED at extract_visible_posts.js (exit code: 1)
[2026-03-25 17:47:55] [WARN] Warning: extract_visible_posts failed, continuing...
[2026-03-25 17:47:56] [INFO] [Phase 3/5] Looking up action references...
[2026-03-25 17:48:02] [ERROR] FAILED at lookup_post_action_refs.js (exit code: 1)
[2026-03-25 17:48:02] [WARN] Warning: lookup_post_action_refs failed, continuing...
[2026-03-25 17:48:03] [INFO] [Phase 4/5] Parsing snapshots...
[2026-03-25 17:48:03] [INFO] Wrote 6 posts -> data\visible_posts.json
[2026-03-25 17:48:03] [INFO] [Phase 5/5] Merging posts with action refs...
[2026-03-25 17:48:03] [INFO] Starting merge at 2026-03-25T17:48:03.900354
[2026-03-25 17:48:03] [INFO] Loaded: 0 DOM posts, 6 snapshot posts
[2026-03-25 17:48:03] [INFO] {
[2026-03-25 17:48:03] [INFO]   "all_fields_present": 6,
[2026-03-25 17:48:03] [INFO]   "missing_author": 0,
[2026-03-25 17:48:03] [INFO]   "missing_time": 0,
[2026-03-25 17:48:03] [INFO]   "missing_text": 0,
[2026-03-25 17:48:03] [INFO]   "missing_refs": 0,
[2026-03-25 17:48:03] [INFO]   "low_confidence": 0
[2026-03-25 17:48:03] [INFO] }
[2026-03-25 17:48:03] [INFO] Saved to: data\processed\merged_posts.json
[2026-03-25 17:48:03] [INFO] Posts collected in this iteration: 6
[2026-03-25 17:48:03] [INFO] Total posts so far: 6 / 10
[2026-03-25 17:48:03] [INFO] Backed up posts to: data/visible_posts_iter_2.json
[2026-03-25 17:48:04] [INFO] Need more posts. Scrolling down (aggressive: 3 attempts + wait 4s)...
[2026-03-25 17:48:09] [WARN] Scroll status: 
[2026-03-25 17:48:11] [INFO] 
[2026-03-25 17:48:11] [INFO] ========== ITERATION 3 ==========
[2026-03-25 17:48:11] [INFO] [Phase 1/5] Expanding visible posts...
[2026-03-25 17:48:18] [ERROR] FAILED at expand_visible_posts.js (exit code: 1)
[2026-03-25 17:48:18] [WARN] Warning: expand_visible_posts failed, continuing...
[2026-03-25 17:48:19] [INFO] [Phase 2/5] Extracting posts from DOM...
[2026-03-25 17:48:28] [ERROR] FAILED at extract_visible_posts.js (exit code: 1)
[2026-03-25 17:48:28] [WARN] Warning: extract_visible_posts failed, continuing...
[2026-03-25 17:48:29] [INFO] [Phase 3/5] Looking up action references...
[2026-03-25 17:48:37] [ERROR] FAILED at lookup_post_action_refs.js (exit code: 1)
[2026-03-25 17:48:37] [WARN] Warning: lookup_post_action_refs failed, continuing...
[2026-03-25 17:48:38] [INFO] [Phase 4/5] Parsing snapshots...
[2026-03-25 17:48:39] [INFO] Wrote 6 posts -> data\visible_posts.json
[2026-03-25 17:48:39] [INFO] [Phase 5/5] Merging posts with action refs...
[2026-03-25 17:48:39] [INFO] Starting merge at 2026-03-25T17:48:39.329118
[2026-03-25 17:48:39] [INFO] Loaded: 0 DOM posts, 6 snapshot posts
[2026-03-25 17:48:39] [INFO] {
[2026-03-25 17:48:39] [INFO]   "all_fields_present": 6,
[2026-03-25 17:48:39] [INFO]   "missing_author": 0,
[2026-03-25 17:48:39] [INFO]   "missing_time": 0,
[2026-03-25 17:48:39] [INFO]   "missing_text": 0,
[2026-03-25 17:48:39] [INFO]   "missing_refs": 0,
[2026-03-25 17:48:39] [INFO]   "low_confidence": 0
[2026-03-25 17:48:39] [INFO] }
[2026-03-25 17:48:39] [INFO] Saved to: data\processed\merged_posts.json
[2026-03-25 17:48:39] [INFO] Posts collected in this iteration: 6
[2026-03-25 17:48:39] [INFO] Total posts so far: 6 / 10
[2026-03-25 17:48:39] [INFO] Backed up posts to: data/visible_posts_iter_3.json
[2026-03-25 17:48:39] [INFO] Need more posts. Scrolling down (aggressive: 3 attempts + wait 4s)...
[2026-03-25 17:48:46] [WARN] Scroll status: 
[2026-03-25 17:48:48] [INFO] 
[2026-03-25 17:48:48] [INFO] ========== ITERATION 4 ==========
[2026-03-25 17:48:48] [INFO] [Phase 1/5] Expanding visible posts...
[2026-03-25 17:48:54] [ERROR] FAILED at expand_visible_posts.js (exit code: 1)
[2026-03-25 17:48:54] [WARN] Warning: expand_visible_posts failed, continuing...
[2026-03-25 17:48:55] [INFO] [Phase 2/5] Extracting posts from DOM...
[2026-03-25 17:49:05] [ERROR] FAILED at extract_visible_posts.js (exit code: 1)
[2026-03-25 17:49:05] [WARN] Warning: extract_visible_posts failed, continuing...
[2026-03-25 17:49:06] [INFO] [Phase 3/5] Looking up action references...
[2026-03-25 17:49:17] [ERROR] FAILED at lookup_post_action_refs.js (exit code: 1)
[2026-03-25 17:49:17] [WARN] Warning: lookup_post_action_refs failed, continuing...
[2026-03-25 17:49:18] [INFO] [Phase 4/5] Parsing snapshots...
[2026-03-25 17:49:18] [INFO] Wrote 6 posts -> data\visible_posts.json
[2026-03-25 17:49:18] [INFO] [Phase 5/5] Merging posts with action refs...
[2026-03-25 17:49:19] [INFO] Starting merge at 2026-03-25T17:49:19.151042
[2026-03-25 17:49:19] [INFO] Loaded: 0 DOM posts, 6 snapshot posts
[2026-03-25 17:49:19] [INFO] {
[2026-03-25 17:49:19] [INFO]   "all_fields_present": 6,
[2026-03-25 17:49:19] [INFO]   "missing_author": 0,
[2026-03-25 17:49:19] [INFO]   "missing_time": 0,
[2026-03-25 17:49:19] [INFO]   "missing_text": 0,
[2026-03-25 17:49:19] [INFO]   "missing_refs": 0,
[2026-03-25 17:49:19] [INFO]   "low_confidence": 0
[2026-03-25 17:49:19] [INFO] }
[2026-03-25 17:49:19] [INFO] Saved to: data\processed\merged_posts.json
[2026-03-25 17:49:19] [INFO] Posts collected in this iteration: 6
[2026-03-25 17:49:19] [INFO] Total posts so far: 6 / 10
[2026-03-25 17:49:19] [INFO] Backed up posts to: data/visible_posts_iter_4.json
[2026-03-25 17:49:19] [INFO] Need more posts. Scrolling down (aggressive: 3 attempts + wait 4s)...
[2026-03-25 22:08:30] [INFO] ========== Starting Posts Collection Workflow ==========
[2026-03-25 22:08:31] [INFO] Configuration:
[2026-03-25 22:08:31] [INFO]   GroupUrl: https://www.facebook.com/groups/792610141458395/
[2026-03-25 22:08:31] [INFO]   TargetCount: 10
[2026-03-25 22:08:31] [INFO]   BrowserProfile: openclaw
[2026-03-25 22:08:31] [INFO]   MaxIterations: 20
[2026-03-25 22:08:31] [INFO]   DryRun: True
[2026-03-25 22:08:31] [INFO] Target URL: https://www.facebook.com/groups/792610141458395/
[2026-03-25 22:08:31] [INFO] 
[2026-03-25 22:08:31] [INFO] ========== ITERATION 1 ==========
[2026-03-25 22:08:31] [INFO] [Phase 1/5] Expanding visible posts...
[2026-03-25 22:08:51] [ERROR] FAILED at expand_visible_posts.js (exit code: 1)
[2026-03-25 22:08:51] [WARN] Warning: expand_visible_posts failed, continuing...
[2026-03-25 22:08:51] [WARN] Output: error: unknown option '-i'
[2026-03-25 22:08:52] [INFO] [Phase 2/5] Extracting posts from DOM...
[2026-03-25 22:08:58] [WARN] Warning: extract_visible_posts failed (exit code 1), continuing...
[2026-03-25 22:08:59] [INFO] [Phase 3/5] Looking up action references...
[2026-03-25 22:09:03] [WARN] Warning: lookup_post_action_refs failed (exit code 1), continuing...
[2026-03-25 22:09:04] [INFO] [Phase 4/5] Parsing snapshots...
[2026-03-25 22:09:04] [INFO] Wrote 6 posts -> data\visible_posts.json
[2026-03-25 22:09:04] [INFO] [Phase 5/5] Merging posts with action refs...
[2026-03-25 22:09:04] [INFO] Starting merge at 2026-03-25T22:09:04.805392
[2026-03-25 22:09:04] [INFO] Loaded: 0 DOM posts, 6 snapshot posts
[2026-03-25 22:09:04] [INFO] {
[2026-03-25 22:09:04] [INFO]   "all_fields_present": 6,
[2026-03-25 22:09:04] [INFO]   "missing_author": 0,
[2026-03-25 22:09:04] [INFO]   "missing_time": 0,
[2026-03-25 22:09:04] [INFO]   "missing_text": 0,
[2026-03-25 22:09:04] [INFO]   "missing_refs": 0,
[2026-03-25 22:09:04] [INFO]   "low_confidence": 0
[2026-03-25 22:09:04] [INFO] }
[2026-03-25 22:09:04] [INFO] Saved to: data\processed\merged_posts.json
[2026-03-25 22:09:05] [INFO] Posts collected in this iteration: 6
[2026-03-25 22:09:05] [INFO] Total posts so far: 6 / 10
[2026-03-25 22:09:05] [INFO] Backed up posts to: data/visible_posts_iter_1.json
[2026-03-25 22:09:05] [INFO] Need more posts. Scrolling down (aggressive: 3 attempts + wait 4s)...
[2026-03-25 22:09:10] [WARN] Scroll command failed (exit code 1)
[2026-03-25 22:09:12] [INFO] 
[2026-03-25 22:09:12] [INFO] ========== ITERATION 2 ==========
[2026-03-25 22:09:12] [INFO] [Phase 1/5] Expanding visible posts...
[2026-03-25 22:09:16] [ERROR] FAILED at expand_visible_posts.js (exit code: 1)
[2026-03-25 22:09:16] [WARN] Warning: expand_visible_posts failed, continuing...
[2026-03-25 22:09:16] [WARN] Output: error: unknown option '-i'
[2026-03-25 22:09:17] [INFO] [Phase 2/5] Extracting posts from DOM...
[2026-03-25 22:09:21] [WARN] Warning: extract_visible_posts failed (exit code 1), continuing...
[2026-03-25 22:09:22] [INFO] [Phase 3/5] Looking up action references...
[2026-03-25 22:09:26] [WARN] Warning: lookup_post_action_refs failed (exit code 1), continuing...
[2026-03-25 22:09:27] [INFO] [Phase 4/5] Parsing snapshots...
[2026-03-25 22:09:27] [INFO] Wrote 6 posts -> data\visible_posts.json
[2026-03-25 22:09:27] [INFO] [Phase 5/5] Merging posts with action refs...
[2026-03-25 22:09:27] [INFO] Starting merge at 2026-03-25T22:09:27.945689
[2026-03-25 22:09:27] [INFO] Loaded: 0 DOM posts, 6 snapshot posts
[2026-03-25 22:09:27] [INFO] {
[2026-03-25 22:09:27] [INFO]   "all_fields_present": 6,
[2026-03-25 22:09:27] [INFO]   "missing_author": 0,
[2026-03-25 22:09:27] [INFO]   "missing_time": 0,
[2026-03-25 22:09:27] [INFO]   "missing_text": 0,
[2026-03-25 22:09:27] [INFO]   "missing_refs": 0,
[2026-03-25 22:09:27] [INFO]   "low_confidence": 0
[2026-03-25 22:09:27] [INFO] }
[2026-03-25 22:09:27] [INFO] Saved to: data\processed\merged_posts.json
[2026-03-25 22:09:27] [INFO] Posts collected in this iteration: 6
[2026-03-25 22:09:27] [INFO] Total posts so far: 6 / 10
[2026-03-25 22:09:28] [INFO] Backed up posts to: data/visible_posts_iter_2.json
[2026-03-25 22:09:28] [INFO] Need more posts. Scrolling down (aggressive: 3 attempts + wait 4s)...
[2026-03-25 22:09:31] [WARN] Scroll command failed (exit code 1)
[2026-03-25 22:09:33] [INFO] 
[2026-03-25 22:09:33] [INFO] ========== ITERATION 3 ==========
[2026-03-25 22:09:33] [INFO] [Phase 1/5] Expanding visible posts...
[2026-03-25 22:09:38] [ERROR] FAILED at expand_visible_posts.js (exit code: 1)
[2026-03-25 22:09:38] [WARN] Warning: expand_visible_posts failed, continuing...
[2026-03-25 22:09:38] [WARN] Output: error: unknown option '-i'
[2026-03-25 22:09:39] [INFO] [Phase 2/5] Extracting posts from DOM...
[2026-03-25 22:09:43] [WARN] Warning: extract_visible_posts failed (exit code 1), continuing...
[2026-03-25 22:09:44] [INFO] [Phase 3/5] Looking up action references...
[2026-03-25 22:09:48] [WARN] Warning: lookup_post_action_refs failed (exit code 1), continuing...
[2026-03-25 22:09:49] [INFO] [Phase 4/5] Parsing snapshots...
[2026-03-25 22:09:49] [INFO] Wrote 6 posts -> data\visible_posts.json
[2026-03-25 22:09:49] [INFO] [Phase 5/5] Merging posts with action refs...
[2026-03-25 22:09:49] [INFO] Starting merge at 2026-03-25T22:09:49.630266
[2026-03-25 22:09:49] [INFO] Loaded: 0 DOM posts, 6 snapshot posts
[2026-03-25 22:09:49] [INFO] {
[2026-03-25 22:09:49] [INFO]   "all_fields_present": 6,
[2026-03-25 22:09:49] [INFO]   "missing_author": 0,
[2026-03-25 22:09:49] [INFO]   "missing_time": 0,
[2026-03-25 22:09:49] [INFO]   "missing_text": 0,
[2026-03-25 22:09:49] [INFO]   "missing_refs": 0,
[2026-03-25 22:09:49] [INFO]   "low_confidence": 0
[2026-03-25 22:09:49] [INFO] }
[2026-03-25 22:09:49] [INFO] Saved to: data\processed\merged_posts.json
[2026-03-25 22:09:49] [INFO] Posts collected in this iteration: 6
[2026-03-25 22:09:49] [INFO] Total posts so far: 6 / 10
[2026-03-25 22:09:49] [INFO] Backed up posts to: data/visible_posts_iter_3.json
[2026-03-25 22:09:49] [INFO] Need more posts. Scrolling down (aggressive: 3 attempts + wait 4s)...
[2026-03-25 22:09:53] [WARN] Scroll command failed (exit code 1)
[2026-03-25 22:09:55] [INFO] 
[2026-03-25 22:09:55] [INFO] ========== ITERATION 4 ==========
[2026-03-25 22:09:55] [INFO] [Phase 1/5] Expanding visible posts...
[2026-03-25 22:09:59] [ERROR] FAILED at expand_visible_posts.js (exit code: 1)
[2026-03-25 22:09:59] [WARN] Warning: expand_visible_posts failed, continuing...
[2026-03-25 22:09:59] [WARN] Output: error: unknown option '-i'
[2026-03-25 22:10:00] [INFO] [Phase 2/5] Extracting posts from DOM...
[2026-03-25 22:10:05] [WARN] Warning: extract_visible_posts failed (exit code 1), continuing...
[2026-03-25 22:10:06] [INFO] [Phase 3/5] Looking up action references...
[2026-03-25 22:10:10] [WARN] Warning: lookup_post_action_refs failed (exit code 1), continuing...
[2026-03-25 22:10:11] [INFO] [Phase 4/5] Parsing snapshots...
[2026-03-25 22:10:11] [INFO] Wrote 6 posts -> data\visible_posts.json
[2026-03-25 22:10:11] [INFO] [Phase 5/5] Merging posts with action refs...
[2026-03-25 22:10:11] [INFO] Starting merge at 2026-03-25T22:10:11.567838
[2026-03-25 22:10:11] [INFO] Loaded: 0 DOM posts, 6 snapshot posts
[2026-03-25 22:10:11] [INFO] {
[2026-03-25 22:10:11] [INFO]   "all_fields_present": 6,
[2026-03-25 22:10:11] [INFO]   "missing_author": 0,
[2026-03-25 22:10:11] [INFO]   "missing_time": 0,
[2026-03-25 22:10:11] [INFO]   "missing_text": 0,
[2026-03-25 22:10:11] [INFO]   "missing_refs": 0,
[2026-03-25 22:10:11] [INFO]   "low_confidence": 0
[2026-03-25 22:10:11] [INFO] }
[2026-03-25 22:10:11] [INFO] Saved to: data\processed\merged_posts.json
[2026-03-25 22:10:11] [INFO] Posts collected in this iteration: 6
[2026-03-25 22:10:11] [INFO] Total posts so far: 6 / 10
[2026-03-25 22:10:11] [INFO] Backed up posts to: data/visible_posts_iter_4.json
[2026-03-25 22:10:11] [INFO] Need more posts. Scrolling down (aggressive: 3 attempts + wait 4s)...
[2026-03-25 22:10:15] [WARN] Scroll command failed (exit code 1)
[2026-03-25 22:10:17] [INFO] 
[2026-03-25 22:10:17] [INFO] ========== ITERATION 5 ==========
[2026-03-25 22:10:17] [INFO] [Phase 1/5] Expanding visible posts...
[2026-03-25 22:10:21] [ERROR] FAILED at expand_visible_posts.js (exit code: 1)
[2026-03-25 22:10:21] [WARN] Warning: expand_visible_posts failed, continuing...
[2026-03-25 22:10:21] [WARN] Output: error: unknown option '-i'
[2026-03-25 22:10:22] [INFO] [Phase 2/5] Extracting posts from DOM...
[2026-03-25 22:10:28] [WARN] Warning: extract_visible_posts failed (exit code 1), continuing...
[2026-03-25 22:10:29] [INFO] [Phase 3/5] Looking up action references...
[2026-03-25 22:10:33] [WARN] Warning: lookup_post_action_refs failed (exit code 1), continuing...
[2026-03-25 22:10:34] [INFO] [Phase 4/5] Parsing snapshots...
[2026-03-25 22:10:34] [INFO] Wrote 6 posts -> data\visible_posts.json
[2026-03-25 22:10:34] [INFO] [Phase 5/5] Merging posts with action refs...
[2026-03-25 22:10:34] [INFO] Starting merge at 2026-03-25T22:10:34.937637
[2026-03-25 22:10:34] [INFO] Loaded: 0 DOM posts, 6 snapshot posts
[2026-03-25 22:10:34] [INFO] {
[2026-03-25 22:10:34] [INFO]   "all_fields_present": 6,
[2026-03-25 22:10:34] [INFO]   "missing_author": 0,
[2026-03-25 22:10:34] [INFO]   "missing_time": 0,
[2026-03-25 22:10:34] [INFO]   "missing_text": 0,
[2026-03-25 22:10:34] [INFO]   "missing_refs": 0,
[2026-03-25 22:10:34] [INFO]   "low_confidence": 0
[2026-03-25 22:10:34] [INFO] }
[2026-03-25 22:10:34] [INFO] Saved to: data\processed\merged_posts.json
[2026-03-25 22:10:34] [INFO] Posts collected in this iteration: 6
[2026-03-25 22:10:34] [INFO] Total posts so far: 6 / 10
[2026-03-25 22:10:34] [INFO] Backed up posts to: data/visible_posts_iter_5.json
[2026-03-25 22:10:35] [INFO] Need more posts. Scrolling down (aggressive: 3 attempts + wait 4s)...
[2026-03-25 22:10:38] [WARN] Scroll command failed (exit code 1)
[2026-03-25 22:10:40] [INFO] 
[2026-03-25 22:10:40] [INFO] ========== ITERATION 6 ==========
[2026-03-25 22:10:40] [INFO] [Phase 1/5] Expanding visible posts...
[2026-03-25 22:10:45] [ERROR] FAILED at expand_visible_posts.js (exit code: 1)
[2026-03-25 22:10:45] [WARN] Warning: expand_visible_posts failed, continuing...
[2026-03-25 22:10:45] [WARN] Output: error: unknown option '-i'
[2026-03-25 22:10:46] [INFO] [Phase 2/5] Extracting posts from DOM...
[2026-03-25 22:10:49] [WARN] Warning: extract_visible_posts failed (exit code 1), continuing...
[2026-03-25 22:10:50] [INFO] [Phase 3/5] Looking up action references...
[2026-03-25 22:10:54] [WARN] Warning: lookup_post_action_refs failed (exit code 1), continuing...
[2026-03-25 22:10:55] [INFO] [Phase 4/5] Parsing snapshots...
[2026-03-25 22:10:55] [INFO] Wrote 6 posts -> data\visible_posts.json
[2026-03-25 22:10:55] [INFO] [Phase 5/5] Merging posts with action refs...
[2026-03-25 22:10:55] [INFO] Starting merge at 2026-03-25T22:10:55.843705
[2026-03-25 22:10:55] [INFO] Loaded: 0 DOM posts, 6 snapshot posts
[2026-03-25 22:10:55] [INFO] {
[2026-03-25 22:10:55] [INFO]   "all_fields_present": 6,
[2026-03-25 22:10:55] [INFO]   "missing_author": 0,
[2026-03-25 22:10:55] [INFO]   "missing_time": 0,
[2026-03-25 22:10:55] [INFO]   "missing_text": 0,
[2026-03-25 22:10:55] [INFO]   "missing_refs": 0,
[2026-03-25 22:10:55] [INFO]   "low_confidence": 0
[2026-03-25 22:10:55] [INFO] }
[2026-03-25 22:10:55] [INFO] Saved to: data\processed\merged_posts.json
[2026-03-25 22:10:55] [INFO] Posts collected in this iteration: 6
[2026-03-25 22:10:55] [INFO] Total posts so far: 6 / 10
[2026-03-25 22:10:55] [INFO] Backed up posts to: data/visible_posts_iter_6.json
[2026-03-25 22:10:55] [INFO] Need more posts. Scrolling down (aggressive: 3 attempts + wait 4s)...
[2026-03-25 22:10:59] [WARN] Scroll command failed (exit code 1)
[2026-03-25 22:11:01] [INFO] 
[2026-03-25 22:11:01] [INFO] ========== ITERATION 7 ==========
[2026-03-25 22:11:01] [INFO] [Phase 1/5] Expanding visible posts...
[2026-03-25 22:11:05] [ERROR] FAILED at expand_visible_posts.js (exit code: 1)
[2026-03-25 22:11:05] [WARN] Warning: expand_visible_posts failed, continuing...
[2026-03-25 22:11:05] [WARN] Output: error: unknown option '-i'
[2026-03-25 22:11:06] [INFO] [Phase 2/5] Extracting posts from DOM...
[2026-03-25 22:11:10] [WARN] Warning: extract_visible_posts failed (exit code 1), continuing...
[2026-03-25 22:11:11] [INFO] [Phase 3/5] Looking up action references...
[2026-03-25 22:11:15] [WARN] Warning: lookup_post_action_refs failed (exit code 1), continuing...
[2026-03-25 22:11:16] [INFO] [Phase 4/5] Parsing snapshots...
[2026-03-25 22:11:16] [INFO] Wrote 6 posts -> data\visible_posts.json
[2026-03-25 22:11:16] [INFO] [Phase 5/5] Merging posts with action refs...
[2026-03-25 22:11:17] [INFO] Starting merge at 2026-03-25T22:11:17.036435
[2026-03-25 22:11:17] [INFO] Loaded: 0 DOM posts, 6 snapshot posts
[2026-03-25 22:11:17] [INFO] {
[2026-03-25 22:11:17] [INFO]   "all_fields_present": 6,
[2026-03-25 22:11:17] [INFO]   "missing_author": 0,
[2026-03-25 22:11:17] [INFO]   "missing_time": 0,
[2026-03-25 22:11:17] [INFO]   "missing_text": 0,
[2026-03-25 22:11:17] [INFO]   "missing_refs": 0,
[2026-03-25 22:11:17] [INFO]   "low_confidence": 0
[2026-03-25 22:11:17] [INFO] }
[2026-03-25 22:11:17] [INFO] Saved to: data\processed\merged_posts.json
[2026-03-25 22:11:17] [INFO] Posts collected in this iteration: 6
[2026-03-25 22:11:17] [INFO] Total posts so far: 6 / 10
[2026-03-25 22:11:17] [INFO] Backed up posts to: data/visible_posts_iter_7.json
[2026-03-25 22:11:17] [INFO] Need more posts. Scrolling down (aggressive: 3 attempts + wait 4s)...
[2026-03-25 22:11:21] [WARN] Scroll command failed (exit code 1)
[2026-03-25 22:11:23] [INFO] 
[2026-03-25 22:11:23] [INFO] ========== ITERATION 8 ==========
[2026-03-25 22:11:23] [INFO] [Phase 1/5] Expanding visible posts...
[2026-03-25 22:11:27] [ERROR] FAILED at expand_visible_posts.js (exit code: 1)
[2026-03-25 22:11:27] [WARN] Warning: expand_visible_posts failed, continuing...
[2026-03-25 22:11:27] [WARN] Output: error: unknown option '-i'
[2026-03-25 22:11:28] [INFO] [Phase 2/5] Extracting posts from DOM...
[2026-03-25 22:11:32] [WARN] Warning: extract_visible_posts failed (exit code 1), continuing...
[2026-03-25 22:11:33] [INFO] [Phase 3/5] Looking up action references...
[2026-03-25 22:11:37] [WARN] Warning: lookup_post_action_refs failed (exit code 1), continuing...
[2026-03-25 22:11:38] [INFO] [Phase 4/5] Parsing snapshots...
[2026-03-25 22:11:38] [INFO] Wrote 6 posts -> data\visible_posts.json
[2026-03-25 22:11:38] [INFO] [Phase 5/5] Merging posts with action refs...
[2026-03-25 22:11:38] [INFO] Starting merge at 2026-03-25T22:11:38.857765
[2026-03-25 22:11:38] [INFO] Loaded: 0 DOM posts, 6 snapshot posts
[2026-03-25 22:11:38] [INFO] {
[2026-03-25 22:11:38] [INFO]   "all_fields_present": 6,
[2026-03-25 22:11:38] [INFO]   "missing_author": 0,
[2026-03-25 22:11:38] [INFO]   "missing_time": 0,
[2026-03-25 22:11:38] [INFO]   "missing_text": 0,
[2026-03-25 22:11:38] [INFO]   "missing_refs": 0,
[2026-03-25 22:11:38] [INFO]   "low_confidence": 0
[2026-03-25 22:11:38] [INFO] }
[2026-03-25 22:11:38] [INFO] Saved to: data\processed\merged_posts.json
[2026-03-25 22:11:38] [INFO] Posts collected in this iteration: 6
[2026-03-25 22:11:38] [INFO] Total posts so far: 6 / 10
[2026-03-25 22:11:38] [INFO] Backed up posts to: data/visible_posts_iter_8.json
[2026-03-25 22:11:38] [INFO] Need more posts. Scrolling down (aggressive: 3 attempts + wait 4s)...
[2026-03-25 22:11:43] [WARN] Scroll command failed (exit code 1)
[2026-03-25 22:11:45] [INFO] 
[2026-03-25 22:11:45] [INFO] ========== ITERATION 9 ==========
[2026-03-25 22:11:45] [INFO] [Phase 1/5] Expanding visible posts...
[2026-03-25 22:11:50] [ERROR] FAILED at expand_visible_posts.js (exit code: 1)
[2026-03-25 22:11:50] [WARN] Warning: expand_visible_posts failed, continuing...
[2026-03-25 22:11:50] [WARN] Output: error: unknown option '-i'
[2026-03-25 22:11:51] [INFO] [Phase 2/5] Extracting posts from DOM...
[2026-03-25 22:11:56] [WARN] Warning: extract_visible_posts failed (exit code 1), continuing...
[2026-03-25 22:11:57] [INFO] [Phase 3/5] Looking up action references...
[2026-03-25 22:12:01] [WARN] Warning: lookup_post_action_refs failed (exit code 1), continuing...
[2026-03-25 22:12:02] [INFO] [Phase 4/5] Parsing snapshots...
[2026-03-25 22:12:02] [INFO] Wrote 6 posts -> data\visible_posts.json
[2026-03-25 22:12:02] [INFO] [Phase 5/5] Merging posts with action refs...
[2026-03-25 22:12:03] [INFO] Starting merge at 2026-03-25T22:12:03.106044
[2026-03-25 22:12:03] [INFO] Loaded: 0 DOM posts, 6 snapshot posts
[2026-03-25 22:12:03] [INFO] {
[2026-03-25 22:12:03] [INFO]   "all_fields_present": 6,
[2026-03-25 22:12:03] [INFO]   "missing_author": 0,
[2026-03-25 22:12:03] [INFO]   "missing_time": 0,
[2026-03-25 22:12:03] [INFO]   "missing_text": 0,
[2026-03-25 22:12:03] [INFO]   "missing_refs": 0,
[2026-03-25 22:12:03] [INFO]   "low_confidence": 0
[2026-03-25 22:12:03] [INFO] }
[2026-03-25 22:12:03] [INFO] Saved to: data\processed\merged_posts.json
[2026-03-25 22:12:03] [INFO] Posts collected in this iteration: 6
[2026-03-25 22:12:03] [INFO] Total posts so far: 6 / 10
[2026-03-25 22:12:03] [INFO] Backed up posts to: data/visible_posts_iter_9.json
[2026-03-25 22:12:03] [INFO] Need more posts. Scrolling down (aggressive: 3 attempts + wait 4s)...
[2026-03-25 22:12:07] [WARN] Scroll command failed (exit code 1)
[2026-03-25 22:12:09] [INFO] 
[2026-03-25 22:12:09] [INFO] ========== ITERATION 10 ==========
[2026-03-25 22:12:09] [INFO] [Phase 1/5] Expanding visible posts...
[2026-03-25 22:12:13] [ERROR] FAILED at expand_visible_posts.js (exit code: 1)
[2026-03-25 22:12:13] [WARN] Warning: expand_visible_posts failed, continuing...
[2026-03-25 22:12:13] [WARN] Output: error: unknown option '-i'
[2026-03-25 22:12:14] [INFO] [Phase 2/5] Extracting posts from DOM...
[2026-03-25 22:12:18] [WARN] Warning: extract_visible_posts failed (exit code 1), continuing...
[2026-03-25 22:12:19] [INFO] [Phase 3/5] Looking up action references...
[2026-03-25 22:12:23] [WARN] Warning: lookup_post_action_refs failed (exit code 1), continuing...
[2026-03-25 22:12:24] [INFO] [Phase 4/5] Parsing snapshots...
[2026-03-25 22:12:24] [INFO] Wrote 6 posts -> data\visible_posts.json
[2026-03-25 22:12:24] [INFO] [Phase 5/5] Merging posts with action refs...
[2026-03-25 22:12:24] [INFO] Starting merge at 2026-03-25T22:12:24.753621
[2026-03-25 22:12:24] [INFO] Loaded: 0 DOM posts, 6 snapshot posts
[2026-03-25 22:12:24] [INFO] {
[2026-03-25 22:12:24] [INFO]   "all_fields_present": 6,
[2026-03-25 22:12:24] [INFO]   "missing_author": 0,
[2026-03-25 22:12:24] [INFO]   "missing_time": 0,
[2026-03-25 22:12:24] [INFO]   "missing_text": 0,
[2026-03-25 22:12:24] [INFO]   "missing_refs": 0,
[2026-03-25 22:12:24] [INFO]   "low_confidence": 0
[2026-03-25 22:12:24] [INFO] }
[2026-03-25 22:12:24] [INFO] Saved to: data\processed\merged_posts.json
[2026-03-25 22:12:24] [INFO] Posts collected in this iteration: 6
[2026-03-25 22:12:24] [INFO] Total posts so far: 6 / 10
[2026-03-25 22:12:24] [INFO] Backed up posts to: data/visible_posts_iter_10.json
[2026-03-25 22:12:24] [INFO] Need more posts. Scrolling down (aggressive: 3 attempts + wait 4s)...
[2026-03-25 22:12:29] [WARN] Scroll command failed (exit code 1)
[2026-03-25 22:12:31] [INFO] 
[2026-03-25 22:12:31] [INFO] ========== ITERATION 11 ==========
[2026-03-25 22:12:31] [INFO] [Phase 1/5] Expanding visible posts...
[2026-03-25 22:12:36] [ERROR] FAILED at expand_visible_posts.js (exit code: 1)
[2026-03-25 22:12:36] [WARN] Warning: expand_visible_posts failed, continuing...
[2026-03-25 22:12:36] [WARN] Output: error: unknown option '-i'
[2026-03-25 22:12:38] [INFO] [Phase 2/5] Extracting posts from DOM...
[2026-03-25 22:12:42] [WARN] Warning: extract_visible_posts failed (exit code 1), continuing...
[2026-03-25 22:12:43] [INFO] [Phase 3/5] Looking up action references...
[2026-03-25 22:12:47] [WARN] Warning: lookup_post_action_refs failed (exit code 1), continuing...
[2026-03-25 22:12:48] [INFO] [Phase 4/5] Parsing snapshots...
[2026-03-25 22:12:48] [INFO] Wrote 6 posts -> data\visible_posts.json
[2026-03-25 22:12:48] [INFO] [Phase 5/5] Merging posts with action refs...
[2026-03-25 22:12:48] [INFO] Starting merge at 2026-03-25T22:12:48.709262
[2026-03-25 22:12:48] [INFO] Loaded: 0 DOM posts, 6 snapshot posts
[2026-03-25 22:12:48] [INFO] {
[2026-03-25 22:12:48] [INFO]   "all_fields_present": 6,
[2026-03-25 22:12:48] [INFO]   "missing_author": 0,
[2026-03-25 22:12:48] [INFO]   "missing_time": 0,
[2026-03-25 22:12:48] [INFO]   "missing_text": 0,
[2026-03-25 22:12:48] [INFO]   "missing_refs": 0,
[2026-03-25 22:12:48] [INFO]   "low_confidence": 0
[2026-03-25 22:12:48] [INFO] }
[2026-03-25 22:12:48] [INFO] Saved to: data\processed\merged_posts.json
[2026-03-25 22:12:48] [INFO] Posts collected in this iteration: 6
[2026-03-25 22:12:48] [INFO] Total posts so far: 6 / 10
[2026-03-25 22:12:48] [INFO] Backed up posts to: data/visible_posts_iter_11.json
[2026-03-25 22:12:48] [INFO] Need more posts. Scrolling down (aggressive: 3 attempts + wait 4s)...
[2026-03-25 22:12:52] [WARN] Scroll command failed (exit code 1)
[2026-03-25 22:12:54] [INFO] 
[2026-03-25 22:12:54] [INFO] ========== ITERATION 12 ==========
[2026-03-25 22:12:54] [INFO] [Phase 1/5] Expanding visible posts...
[2026-03-25 22:12:59] [ERROR] FAILED at expand_visible_posts.js (exit code: 1)
[2026-03-25 22:12:59] [WARN] Warning: expand_visible_posts failed, continuing...
[2026-03-25 22:12:59] [WARN] Output: error: unknown option '-i'
[2026-03-25 22:13:00] [INFO] [Phase 2/5] Extracting posts from DOM...
[2026-03-25 22:13:04] [WARN] Warning: extract_visible_posts failed (exit code 1), continuing...
[2026-03-25 22:13:05] [INFO] [Phase 3/5] Looking up action references...
[2026-03-25 22:13:09] [WARN] Warning: lookup_post_action_refs failed (exit code 1), continuing...
[2026-03-25 22:13:10] [INFO] [Phase 4/5] Parsing snapshots...
[2026-03-25 22:13:10] [INFO] Wrote 6 posts -> data\visible_posts.json
[2026-03-25 22:13:10] [INFO] [Phase 5/5] Merging posts with action refs...
[2026-03-25 22:13:10] [INFO] Starting merge at 2026-03-25T22:13:10.461127
[2026-03-25 22:13:10] [INFO] Loaded: 0 DOM posts, 6 snapshot posts
[2026-03-25 22:13:10] [INFO] {
[2026-03-25 22:13:10] [INFO]   "all_fields_present": 6,
[2026-03-25 22:13:10] [INFO]   "missing_author": 0,
[2026-03-25 22:13:10] [INFO]   "missing_time": 0,
[2026-03-25 22:13:10] [INFO]   "missing_text": 0,
[2026-03-25 22:13:10] [INFO]   "missing_refs": 0,
[2026-03-25 22:13:10] [INFO]   "low_confidence": 0
[2026-03-25 22:13:10] [INFO] }
[2026-03-25 22:13:10] [INFO] Saved to: data\processed\merged_posts.json
[2026-03-25 22:13:10] [INFO] Posts collected in this iteration: 6
[2026-03-25 22:13:10] [INFO] Total posts so far: 6 / 10
[2026-03-25 22:13:10] [INFO] Backed up posts to: data/visible_posts_iter_12.json
[2026-03-25 22:13:10] [INFO] Need more posts. Scrolling down (aggressive: 3 attempts + wait 4s)...
[2026-03-25 22:13:14] [WARN] Scroll command failed (exit code 1)
[2026-03-25 22:13:16] [INFO] 
[2026-03-25 22:13:16] [INFO] ========== ITERATION 13 ==========
[2026-03-25 22:13:16] [INFO] [Phase 1/5] Expanding visible posts...
[2026-03-25 22:13:21] [ERROR] FAILED at expand_visible_posts.js (exit code: 1)
[2026-03-25 22:13:21] [WARN] Warning: expand_visible_posts failed, continuing...
[2026-03-25 22:13:21] [WARN] Output: error: unknown option '-i'
[2026-03-25 22:13:22] [INFO] [Phase 2/5] Extracting posts from DOM...
[2026-03-25 22:13:26] [WARN] Warning: extract_visible_posts failed (exit code 1), continuing...
[2026-03-25 22:13:27] [INFO] [Phase 3/5] Looking up action references...
[2026-03-25 22:13:31] [WARN] Warning: lookup_post_action_refs failed (exit code 1), continuing...
[2026-03-25 22:13:32] [INFO] [Phase 4/5] Parsing snapshots...
[2026-03-25 22:13:32] [INFO] Wrote 6 posts -> data\visible_posts.json
[2026-03-25 22:13:32] [INFO] [Phase 5/5] Merging posts with action refs...
[2026-03-25 22:13:32] [INFO] Starting merge at 2026-03-25T22:13:32.790053
[2026-03-25 22:13:32] [INFO] Loaded: 0 DOM posts, 6 snapshot posts
[2026-03-25 22:13:32] [INFO] {
[2026-03-25 22:13:32] [INFO]   "all_fields_present": 6,
[2026-03-25 22:13:32] [INFO]   "missing_author": 0,
[2026-03-25 22:13:32] [INFO]   "missing_time": 0,
[2026-03-25 22:13:32] [INFO]   "missing_text": 0,
[2026-03-25 22:13:32] [INFO]   "missing_refs": 0,
[2026-03-25 22:13:32] [INFO]   "low_confidence": 0
[2026-03-25 22:13:32] [INFO] }
[2026-03-25 22:13:32] [INFO] Saved to: data\processed\merged_posts.json
[2026-03-25 22:13:32] [INFO] Posts collected in this iteration: 6
[2026-03-25 22:13:32] [INFO] Total posts so far: 6 / 10
[2026-03-25 22:13:32] [INFO] Backed up posts to: data/visible_posts_iter_13.json
[2026-03-25 22:13:32] [INFO] Need more posts. Scrolling down (aggressive: 3 attempts + wait 4s)...
[2026-03-25 22:13:37] [WARN] Scroll command failed (exit code 1)
[2026-03-25 22:13:39] [INFO] 
[2026-03-25 22:13:39] [INFO] ========== ITERATION 14 ==========
[2026-03-25 22:13:39] [INFO] [Phase 1/5] Expanding visible posts...
[2026-03-25 22:13:44] [ERROR] FAILED at expand_visible_posts.js (exit code: 1)
[2026-03-25 22:13:44] [WARN] Warning: expand_visible_posts failed, continuing...
[2026-03-25 22:13:44] [WARN] Output: error: unknown option '-i'
[2026-03-25 22:13:45] [INFO] [Phase 2/5] Extracting posts from DOM...
[2026-03-25 22:13:50] [WARN] Warning: extract_visible_posts failed (exit code 1), continuing...
[2026-03-25 22:13:51] [INFO] [Phase 3/5] Looking up action references...
[2026-03-25 22:13:55] [WARN] Warning: lookup_post_action_refs failed (exit code 1), continuing...
[2026-03-25 22:13:56] [INFO] [Phase 4/5] Parsing snapshots...
[2026-03-25 22:13:56] [INFO] Wrote 6 posts -> data\visible_posts.json
[2026-03-25 22:13:56] [INFO] [Phase 5/5] Merging posts with action refs...
[2026-03-25 22:13:56] [INFO] Starting merge at 2026-03-25T22:13:56.991644
[2026-03-25 22:13:56] [INFO] Loaded: 0 DOM posts, 6 snapshot posts
[2026-03-25 22:13:56] [INFO] {
[2026-03-25 22:13:57] [INFO]   "all_fields_present": 6,
[2026-03-25 22:13:57] [INFO]   "missing_author": 0,
[2026-03-25 22:13:57] [INFO]   "missing_time": 0,
[2026-03-25 22:13:57] [INFO]   "missing_text": 0,
[2026-03-25 22:13:57] [INFO]   "missing_refs": 0,
[2026-03-25 22:13:57] [INFO]   "low_confidence": 0
[2026-03-25 22:13:57] [INFO] }
[2026-03-25 22:13:57] [INFO] Saved to: data\processed\merged_posts.json
[2026-03-25 22:13:57] [INFO] Posts collected in this iteration: 6
[2026-03-25 22:13:57] [INFO] Total posts so far: 6 / 10
[2026-03-25 22:13:57] [INFO] Backed up posts to: data/visible_posts_iter_14.json
[2026-03-25 22:13:57] [INFO] Need more posts. Scrolling down (aggressive: 3 attempts + wait 4s)...
[2026-03-25 22:14:01] [WARN] Scroll command failed (exit code 1)
[2026-03-25 22:14:03] [INFO] 
[2026-03-25 22:14:03] [INFO] ========== ITERATION 15 ==========
[2026-03-25 22:14:03] [INFO] [Phase 1/5] Expanding visible posts...
[2026-03-25 22:14:08] [ERROR] FAILED at expand_visible_posts.js (exit code: 1)
[2026-03-25 22:14:08] [WARN] Warning: expand_visible_posts failed, continuing...
[2026-03-25 22:14:08] [WARN] Output: error: unknown option '-i'
[2026-03-25 22:14:09] [INFO] [Phase 2/5] Extracting posts from DOM...
[2026-03-25 22:14:14] [WARN] Warning: extract_visible_posts failed (exit code 1), continuing...
[2026-03-25 22:14:15] [INFO] [Phase 3/5] Looking up action references...
[2026-03-25 22:14:20] [WARN] Warning: lookup_post_action_refs failed (exit code 1), continuing...
[2026-03-25 22:14:21] [INFO] [Phase 4/5] Parsing snapshots...
[2026-03-25 22:14:21] [INFO] Wrote 6 posts -> data\visible_posts.json
[2026-03-25 22:14:21] [INFO] [Phase 5/5] Merging posts with action refs...
[2026-03-25 22:14:21] [INFO] Starting merge at 2026-03-25T22:14:21.267413
[2026-03-25 22:14:21] [INFO] Loaded: 0 DOM posts, 6 snapshot posts
[2026-03-25 22:14:21] [INFO] {
[2026-03-25 22:14:21] [INFO]   "all_fields_present": 6,
[2026-03-25 22:14:21] [INFO]   "missing_author": 0,
[2026-03-25 22:14:21] [INFO]   "missing_time": 0,
[2026-03-25 22:14:21] [INFO]   "missing_text": 0,
[2026-03-25 22:14:21] [INFO]   "missing_refs": 0,
[2026-03-25 22:14:21] [INFO]   "low_confidence": 0
[2026-03-25 22:14:21] [INFO] }
[2026-03-25 22:14:21] [INFO] Saved to: data\processed\merged_posts.json
[2026-03-25 22:14:21] [INFO] Posts collected in this iteration: 6
[2026-03-25 22:14:21] [INFO] Total posts so far: 6 / 10
[2026-03-25 22:14:21] [INFO] Backed up posts to: data/visible_posts_iter_15.json
[2026-03-25 22:14:21] [INFO] Need more posts. Scrolling down (aggressive: 3 attempts + wait 4s)...
[2026-03-25 22:14:26] [WARN] Scroll command failed (exit code 1)
[2026-03-25 22:14:28] [INFO] 
[2026-03-25 22:14:28] [INFO] ========== ITERATION 16 ==========
[2026-03-25 22:14:28] [INFO] [Phase 1/5] Expanding visible posts...
[2026-03-25 22:14:33] [ERROR] FAILED at expand_visible_posts.js (exit code: 1)
[2026-03-25 22:14:33] [WARN] Warning: expand_visible_posts failed, continuing...
[2026-03-25 22:14:33] [WARN] Output: error: unknown option '-i'
[2026-03-25 22:14:34] [INFO] [Phase 2/5] Extracting posts from DOM...
[2026-03-25 22:14:38] [WARN] Warning: extract_visible_posts failed (exit code 1), continuing...
[2026-03-25 22:14:39] [INFO] [Phase 3/5] Looking up action references...
[2026-03-25 22:14:43] [WARN] Warning: lookup_post_action_refs failed (exit code 1), continuing...
[2026-03-25 22:14:44] [INFO] [Phase 4/5] Parsing snapshots...
[2026-03-25 22:14:44] [INFO] Wrote 6 posts -> data\visible_posts.json
[2026-03-25 22:14:44] [INFO] [Phase 5/5] Merging posts with action refs...
[2026-03-25 22:14:44] [INFO] Starting merge at 2026-03-25T22:14:44.597776
[2026-03-25 22:14:44] [INFO] Loaded: 0 DOM posts, 6 snapshot posts
[2026-03-25 22:14:44] [INFO] {
[2026-03-25 22:14:44] [INFO]   "all_fields_present": 6,
[2026-03-25 22:14:44] [INFO]   "missing_author": 0,
[2026-03-25 22:14:44] [INFO]   "missing_time": 0,
[2026-03-25 22:14:44] [INFO]   "missing_text": 0,
[2026-03-25 22:14:44] [INFO]   "missing_refs": 0,
[2026-03-25 22:14:44] [INFO]   "low_confidence": 0
[2026-03-25 22:14:44] [INFO] }
[2026-03-25 22:14:44] [INFO] Saved to: data\processed\merged_posts.json
[2026-03-25 22:14:44] [INFO] Posts collected in this iteration: 6
[2026-03-25 22:14:44] [INFO] Total posts so far: 6 / 10
[2026-03-25 22:14:44] [INFO] Backed up posts to: data/visible_posts_iter_16.json
[2026-03-25 22:14:44] [INFO] Need more posts. Scrolling down (aggressive: 3 attempts + wait 4s)...
[2026-03-25 22:14:48] [WARN] Scroll command failed (exit code 1)
[2026-03-25 22:14:50] [INFO] 
[2026-03-25 22:14:50] [INFO] ========== ITERATION 17 ==========
[2026-03-25 22:14:50] [INFO] [Phase 1/5] Expanding visible posts...
[2026-03-25 22:14:55] [ERROR] FAILED at expand_visible_posts.js (exit code: 1)
[2026-03-25 22:14:55] [WARN] Warning: expand_visible_posts failed, continuing...
[2026-03-25 22:14:55] [WARN] Output: error: unknown option '-i'
[2026-03-25 22:14:56] [INFO] [Phase 2/5] Extracting posts from DOM...
[2026-03-25 22:15:00] [WARN] Warning: extract_visible_posts failed (exit code 1), continuing...
[2026-03-25 22:15:01] [INFO] [Phase 3/5] Looking up action references...
[2026-03-25 22:15:05] [WARN] Warning: lookup_post_action_refs failed (exit code 1), continuing...
[2026-03-25 22:15:06] [INFO] [Phase 4/5] Parsing snapshots...
[2026-03-25 22:15:06] [INFO] Wrote 6 posts -> data\visible_posts.json
[2026-03-25 22:15:06] [INFO] [Phase 5/5] Merging posts with action refs...
[2026-03-25 22:15:06] [INFO] Starting merge at 2026-03-25T22:15:06.448704
[2026-03-25 22:15:06] [INFO] Loaded: 0 DOM posts, 6 snapshot posts
[2026-03-25 22:15:06] [INFO] {
[2026-03-25 22:15:06] [INFO]   "all_fields_present": 6,
[2026-03-25 22:15:06] [INFO]   "missing_author": 0,
[2026-03-25 22:15:06] [INFO]   "missing_time": 0,
[2026-03-25 22:15:06] [INFO]   "missing_text": 0,
[2026-03-25 22:15:06] [INFO]   "missing_refs": 0,
[2026-03-25 22:15:06] [INFO]   "low_confidence": 0
[2026-03-25 22:15:06] [INFO] }
[2026-03-25 22:15:06] [INFO] Saved to: data\processed\merged_posts.json
[2026-03-25 22:15:06] [INFO] Posts collected in this iteration: 6
[2026-03-25 22:15:06] [INFO] Total posts so far: 6 / 10
[2026-03-25 22:15:06] [INFO] Backed up posts to: data/visible_posts_iter_17.json
[2026-03-25 22:15:06] [INFO] Need more posts. Scrolling down (aggressive: 3 attempts + wait 4s)...
[2026-03-25 22:15:10] [WARN] Scroll command failed (exit code 1)
[2026-03-25 22:15:12] [INFO] 
[2026-03-25 22:15:12] [INFO] ========== ITERATION 18 ==========
[2026-03-25 22:15:12] [INFO] [Phase 1/5] Expanding visible posts...
[2026-03-25 22:15:16] [ERROR] FAILED at expand_visible_posts.js (exit code: 1)
[2026-03-25 22:15:16] [WARN] Warning: expand_visible_posts failed, continuing...
[2026-03-25 22:15:16] [WARN] Output: error: unknown option '-i'
[2026-03-25 22:15:17] [INFO] [Phase 2/5] Extracting posts from DOM...
[2026-03-25 22:15:21] [WARN] Warning: extract_visible_posts failed (exit code 1), continuing...
[2026-03-25 22:15:22] [INFO] [Phase 3/5] Looking up action references...
[2026-03-25 22:15:26] [WARN] Warning: lookup_post_action_refs failed (exit code 1), continuing...
[2026-03-25 22:15:27] [INFO] [Phase 4/5] Parsing snapshots...
[2026-03-25 22:15:27] [INFO] Wrote 6 posts -> data\visible_posts.json
[2026-03-25 22:15:27] [INFO] [Phase 5/5] Merging posts with action refs...
[2026-03-25 22:15:27] [INFO] Starting merge at 2026-03-25T22:15:27.944821
[2026-03-25 22:15:27] [INFO] Loaded: 0 DOM posts, 6 snapshot posts
[2026-03-25 22:15:27] [INFO] {
[2026-03-25 22:15:27] [INFO]   "all_fields_present": 6,
[2026-03-25 22:15:27] [INFO]   "missing_author": 0,
[2026-03-25 22:15:27] [INFO]   "missing_time": 0,
[2026-03-25 22:15:27] [INFO]   "missing_text": 0,
[2026-03-25 22:15:27] [INFO]   "missing_refs": 0,
[2026-03-25 22:15:27] [INFO]   "low_confidence": 0
[2026-03-25 22:15:27] [INFO] }
[2026-03-25 22:15:27] [INFO] Saved to: data\processed\merged_posts.json
[2026-03-25 22:15:27] [INFO] Posts collected in this iteration: 6
[2026-03-25 22:15:27] [INFO] Total posts so far: 6 / 10
[2026-03-25 22:15:27] [INFO] Backed up posts to: data/visible_posts_iter_18.json
[2026-03-25 22:15:27] [INFO] Need more posts. Scrolling down (aggressive: 3 attempts + wait 4s)...
[2026-03-25 22:15:32] [WARN] Scroll command failed (exit code 1)
[2026-03-25 22:15:34] [INFO] 
[2026-03-25 22:15:34] [INFO] ========== ITERATION 19 ==========
[2026-03-25 22:15:34] [INFO] [Phase 1/5] Expanding visible posts...
[2026-03-25 22:15:38] [ERROR] FAILED at expand_visible_posts.js (exit code: 1)
[2026-03-25 22:15:38] [WARN] Warning: expand_visible_posts failed, continuing...
[2026-03-25 22:15:38] [WARN] Output: error: unknown option '-i'
[2026-03-25 22:15:39] [INFO] [Phase 2/5] Extracting posts from DOM...
[2026-03-25 22:15:43] [WARN] Warning: extract_visible_posts failed (exit code 1), continuing...
[2026-03-25 22:15:44] [INFO] [Phase 3/5] Looking up action references...
[2026-03-25 22:15:48] [WARN] Warning: lookup_post_action_refs failed (exit code 1), continuing...
[2026-03-25 22:15:49] [INFO] [Phase 4/5] Parsing snapshots...
[2026-03-25 22:15:50] [INFO] Wrote 6 posts -> data\visible_posts.json
[2026-03-25 22:15:50] [INFO] [Phase 5/5] Merging posts with action refs...
[2026-03-25 22:15:50] [INFO] Starting merge at 2026-03-25T22:15:50.147902
[2026-03-25 22:15:50] [INFO] Loaded: 0 DOM posts, 6 snapshot posts
[2026-03-25 22:15:50] [INFO] {
[2026-03-25 22:15:50] [INFO]   "all_fields_present": 6,
[2026-03-25 22:15:50] [INFO]   "missing_author": 0,
[2026-03-25 22:15:50] [INFO]   "missing_time": 0,
[2026-03-25 22:15:50] [INFO]   "missing_text": 0,
[2026-03-25 22:15:50] [INFO]   "missing_refs": 0,
[2026-03-25 22:15:50] [INFO]   "low_confidence": 0
[2026-03-25 22:15:50] [INFO] }
[2026-03-25 22:15:50] [INFO] Saved to: data\processed\merged_posts.json
[2026-03-25 22:15:50] [INFO] Posts collected in this iteration: 6
[2026-03-25 22:15:50] [INFO] Total posts so far: 6 / 10
[2026-03-25 22:15:50] [INFO] Backed up posts to: data/visible_posts_iter_19.json
[2026-03-25 22:15:50] [INFO] Need more posts. Scrolling down (aggressive: 3 attempts + wait 4s)...
[2026-03-25 22:16:01] [WARN] Scroll command failed (exit code 1)
[2026-03-25 22:16:03] [INFO] 
[2026-03-25 22:16:03] [INFO] ========== ITERATION 20 ==========
[2026-03-25 22:16:03] [INFO] [Phase 1/5] Expanding visible posts...
[2026-03-25 22:16:14] [ERROR] FAILED at expand_visible_posts.js (exit code: 1)
[2026-03-25 22:16:14] [WARN] Warning: expand_visible_posts failed, continuing...
[2026-03-25 22:16:14] [WARN] Output: error: unknown option '-i'
[2026-03-25 22:16:15] [INFO] [Phase 2/5] Extracting posts from DOM...
[2026-03-25 22:16:19] [WARN] Warning: extract_visible_posts failed (exit code 1), continuing...
[2026-03-25 22:16:20] [INFO] [Phase 3/5] Looking up action references...
[2026-03-25 22:16:25] [WARN] Warning: lookup_post_action_refs failed (exit code 1), continuing...
[2026-03-25 22:16:26] [INFO] [Phase 4/5] Parsing snapshots...
[2026-03-25 22:16:26] [INFO] Wrote 6 posts -> data\visible_posts.json
[2026-03-25 22:16:26] [INFO] [Phase 5/5] Merging posts with action refs...
[2026-03-25 22:16:26] [INFO] Starting merge at 2026-03-25T22:16:26.405281
[2026-03-25 22:16:26] [INFO] Loaded: 0 DOM posts, 6 snapshot posts
[2026-03-25 22:16:26] [INFO] {
[2026-03-25 22:16:26] [INFO]   "all_fields_present": 6,
[2026-03-25 22:16:26] [INFO]   "missing_author": 0,
[2026-03-25 22:16:26] [INFO]   "missing_time": 0,
[2026-03-25 22:16:26] [INFO]   "missing_text": 0,
[2026-03-25 22:16:26] [INFO]   "missing_refs": 0,
[2026-03-25 22:16:26] [INFO]   "low_confidence": 0
[2026-03-25 22:16:26] [INFO] }
[2026-03-25 22:16:26] [INFO] Saved to: data\processed\merged_posts.json
[2026-03-25 22:16:26] [INFO] Posts collected in this iteration: 6
[2026-03-25 22:16:26] [INFO] Total posts so far: 6 / 10
[2026-03-25 22:16:26] [INFO] Backed up posts to: data/visible_posts_iter_20.json
[2026-03-25 22:16:26] [INFO] 
[2026-03-25 22:16:26] [INFO] ========== Collection Complete ==========
[2026-03-25 22:16:26] [INFO] Total iterations: 20
[2026-03-25 22:16:26] [INFO] Total posts collected: 6
[2026-03-25 22:16:26] [INFO] 
[2026-03-25 22:16:26] [INFO] ========== Merging posts from all iterations ==========
[2026-03-25 22:16:26] [INFO] Added 6 posts from iteration 1
[2026-03-25 22:16:26] [INFO] Added 6 posts from iteration 2
[2026-03-25 22:16:26] [INFO] Added 6 posts from iteration 3
[2026-03-25 22:16:26] [INFO] Added 6 posts from iteration 4
[2026-03-25 22:16:26] [INFO] Added 6 posts from iteration 5
[2026-03-25 22:16:26] [INFO] Added 6 posts from iteration 6
[2026-03-25 22:16:26] [INFO] Added 6 posts from iteration 7
[2026-03-25 22:16:26] [INFO] Added 6 posts from iteration 8
[2026-03-25 22:16:26] [INFO] Added 6 posts from iteration 9
[2026-03-25 22:16:26] [INFO] Added 6 posts from iteration 10
[2026-03-25 22:16:26] [INFO] Added 6 posts from iteration 11
[2026-03-25 22:16:26] [INFO] Added 6 posts from iteration 12
[2026-03-25 22:16:26] [INFO] Added 6 posts from iteration 13
[2026-03-25 22:16:26] [INFO] Added 6 posts from iteration 14
[2026-03-25 22:16:26] [INFO] Added 6 posts from iteration 15
[2026-03-25 22:16:26] [INFO] Added 6 posts from iteration 16
[2026-03-25 22:16:26] [INFO] Added 6 posts from iteration 17
[2026-03-25 22:16:26] [INFO] Added 6 posts from iteration 18
[2026-03-25 22:16:26] [INFO] Added 6 posts from iteration 19
[2026-03-25 22:16:26] [INFO] Added 6 posts from iteration 20
[2026-03-25 22:16:26] [INFO] Total posts before dedup: 120
[2026-03-25 22:16:26] [INFO] Running dedup_posts.py...
[2026-03-25 22:16:27] [INFO] Error loading data/temp_all_posts.json: Unexpected UTF-8 BOM (decode using utf-8-sig): line 1 column 1 (char 0)
Loaded 0 posts from data/temp_all_posts.json
{
  "timestamp": "2026-03-25T22:16:27.064822",
  "input_file": "data/temp_all_posts.json",
  "output_file": "data/posts_collection.json",
  "target_count": 10,
  "total_loaded": 0,
  "after_dedup": 0,
  "final_count": 0,
  "posts": [],
  "status": "warning",
  "error": "No posts loaded"
}

[2026-03-25 22:16:27] [WARN] Warning: dedup_posts.py returned exit code 1
[2026-03-25 22:16:27] [INFO] Final result saved to: data/posts_collection.json
[2026-03-25 22:16:27] [INFO] 
[2026-03-25 22:16:27] [INFO] ========== Summary ==========
[2026-03-25 22:16:27] [INFO] Status: Success
[2026-03-25 22:16:27] [INFO] Target count: 10
[2026-03-25 22:16:27] [INFO] Actual collected: 6
[2026-03-25 22:16:27] [INFO] Iterations: 20 / 20
[2026-03-25 22:16:27] [INFO] Output files:
[2026-03-25 22:16:27] [INFO]   - data/visible_posts.json (latest iteration)
[2026-03-25 22:16:27] [INFO]   - data/posts_collection.json (final merged & deduped)
[2026-03-25 22:16:27] [WARN] Note: Reached max iterations limit without collecting enough posts
[2026-03-25 22:16:27] [INFO] Total duration: 477.0026691 seconds
